id,name,year_published,source,source_url,source_notes,source_confidence
42660044-c691-4a8e-b4b7-131bf001ccfb,"...and then, we held hands.",2015,legacy_unknown,,,0.1
18b777b9-3eff-4f0f-a28a-a48f1db50ac0,...und tschüss!,1997,legacy_unknown,,,0.1
e0c83494-9c1b-465e-87ed-e3c20d6bf9ad,.hack//ENEMY,2003,legacy_unknown,,,0.1
6f592add-b356-4193-9b68-069c94f881ae,"'Wacht am Rhein': The Battle of the Bulge, 16 Dec 44 – 2 Jan 45",1977,legacy_unknown,https://www.wikidata.org/wiki/Q106771100,,0.1
b1863a9a-d69b-4759-a487-7d9a5f57252d,"""Almost a Miracle!”: The Revolutionary War in the North",2020,legacy_unknown,,,0.1
88867082-a715-4dbf-88d5-58a08e76e75b,"""La Garde recule!""",2011,legacy_unknown,,,0.1
f7d8aad0-580b-4920-bd2a-a6f1f5aeb2be,"""Tarleton's Quarter!""",2010,legacy_unknown,,,0.1
4a75818e-0097-4864-9e96-c11fadfb8e5f,(Your Name Here) and the Argonauts,2012,legacy_unknown,,,0.1
8c5e6268-e18f-4042-a2ed-3d1a2cea7632,[kosmopoli:t],2020,legacy_unknown,,,0.1
531bd198-a62a-4b7b-a020-536d9a784ce5,011,2011,legacy_unknown,,,0.1
4dba73cf-71aa-42ed-8359-945d00657166,"1, 2, 3, Papagei!",2014,legacy_unknown,,,0.1
524b3dba-9e5f-4a76-b47d-d6cad361a9b6,"1, 2, 3: Hex Herbei!",2017,legacy_unknown,,,0.1
20aa6317-2c1a-4ed1-ba63-99b2fe8e34e9,10 Days in Africa,2003,legacy_unknown,https://www.wikidata.org/wiki/Q11956023,,0.1
643a82eb-9051-48c6-a7b2-4e431964607f,10 Days in Asia,2007,legacy_unknown,https://www.wikidata.org/wiki/Q11956023,,0.1
b10fcdea-176c-4dc1-bf08-f43abb154f4b,10 Days in Europe,2002,legacy_unknown,https://www.wikidata.org/wiki/Q21585664,,0.1
0a80f858-25b0-425e-bacd-98f586fa734a,10 Days in the Americas,2010,legacy_unknown,,,0.1
a7b0afc3-2a84-4039-8b88-5b378b704757,10 Days in the USA,2003,legacy_unknown,https://www.wikidata.org/wiki/Q11956023,,0.1
c9d51ce4-b4e4-4782-8871-fee2ce3e5620,10 Minute Heist: The Wizard's Tower,2017,legacy_unknown,,,0.1
f1b3ac23-cc07-4f2a-b971-90797ac2ae28,1000 and One Treasures,2010,legacy_unknown,,,0.1
ff460416-a8ee-45d2-8f50-a1756e219546,"1066, Tears to Many Mothers: The Battle of Hastings",2014,legacy_unknown,,,0.1
2aaf70bc-a5b2-4e8c-b5e2-b36ffff1c61a,11 nimmt!,2010,legacy_unknown,,,0.1
07aa8647-fc3d-4c12-931b-2360a688a6ab,111 Ants,2017,legacy_unknown,,,0.1
df52c9fc-e4cf-411b-a233-5fc6ac08eb13,12 Chip Trick,2022,legacy_unknown,,,0.1
09c3e16a-dc79-4215-aa95-77f930fe0dd9,12 Days,2011,legacy_unknown,,,0.1
d3995e71-8417-4017-af92-2a056ebb9371,12 Patrols,2019,legacy_unknown,,,0.1
5341d2d4-f721-4582-961c-88e5da2025e2,12 Realms,2010,legacy_unknown,https://www.wikidata.org/wiki/Q130299170,,0.1
b14370de-0c45-4719-a5aa-70618025220a,12 Thieves,2006,legacy_unknown,https://www.wikidata.org/wiki/Q1192929,,0.1
85a56097-d218-4a4a-ad8e-204a464f2bb4,1212 Las Navas de Tolosa,2022,legacy_unknown,,,0.1
7a4a2a4c-fd27-403c-a26e-1a40bd10eab3,13 Clues,2016,legacy_unknown,,,0.1
cfb4fee1-7fd8-4c95-ad8c-202500319b69,"13 Days: The Cuban Missile Crisis, 1962",2016,legacy_unknown,,,0.1
c36f5c1a-cd31-4ca7-850d-f0cbe87243e8,13 Dead End Drive,1993,legacy_unknown,https://www.wikidata.org/wiki/Q17258,,0.1
153aacd4-8ee9-4ffc-be0f-c2c46a7de51d,"13 Minutes: The Cuban Missile Crisis, 1962",2017,legacy_unknown,,,0.1
e209db87-ef57-462c-931a-e1de3205a876,13 Sheep,2019,legacy_unknown,,,0.1
581ff134-c987-41e3-8b9b-42af1a6c67e6,1565: Siege of Malta,2022,legacy_unknown,,,0.1
fe61a117-ff78-482d-9654-a4a5dd7cb01c,1572: The Lost Expedition,2016,legacy_unknown,,,0.1
1d475d35-9bc7-4177-8cfb-dcbadc099976,1655: Habemus Papam,2010,legacy_unknown,,,0.1
c56f3b32-2a42-4aac-93d8-db1196c515bf,1754: Conquest – The French and Indian War,2017,legacy_unknown,https://www.wikidata.org/wiki/Q42575904,,0.1
6c0c30bd-c538-4085-a6ca-7a107481ae78,1775: Rebellion,2013,legacy_unknown,https://www.wikidata.org/wiki/Q42576062,,0.1
beb36c88-ff9e-40cd-a2c3-3debdd16342b,1776: The Game of the American Revolutionary War,1974,legacy_unknown,,,0.1
ceee7110-93ea-4dbc-b3fb-cce487115065,1777: The Year of the Hangman,2002,legacy_unknown,,,0.1
aa3b332c-1103-4d07-82e5-0c50621a941b,1805: Sea of Glory,2009,legacy_unknown,,,0.1
11c37010-9273-4d6f-ab8d-f650c91975c5,1809: Napoleon's Danube Campaign,1984,legacy_unknown,,,0.1
68e564e9-12ee-409a-b445-461aa47262d4,1812: The Invasion of Canada,2012,legacy_unknown,,,0.1
99808465-63fa-4081-a8ee-f2db1ed87693,"1815, Scum of the Earth: The Battle of Waterloo Card Game",2022,legacy_unknown,,,0.1
9d5906ee-4054-4afa-a111-cdcb4e4f2775,1817,2010,legacy_unknown,,,0.1
61a84706-c909-46cc-be4d-1ac6088a552d,1822: The Railways of Great Britain,2016,legacy_unknown,,,0.1
008c97e0-080e-4dad-9c08-85495c9ff31f,1822MX,2019,legacy_unknown,,,0.1
c84dc151-6241-462d-834e-119bec7112ae,1824: Austrian-Hungarian Railway,2019,legacy_unknown,,,0.1
6a00ba92-4477-43c8-952c-6d978577ded9,1830: Railways & Robber Barons,1986,legacy_unknown,,,0.1
9319ff03-3b6b-404a-b349-69931bad2f5d,1835,1990,legacy_unknown,,,0.1
705658b1-9abe-4bb0-bc12-aa812b5b48b5,1840: Vienna Tramways,2020,legacy_unknown,,,0.1
4772e68e-b463-46d4-a424-50de5a5b09af,1844/1854,2016,legacy_unknown,,,0.1
041be7e6-a485-40f2-86fb-50289acce85d,1846: The Race for the Midwest,2005,legacy_unknown,,,0.1
4434279e-63b2-41ae-9360-2fd09e580487,1848: Australia,2007,legacy_unknown,,,0.1
420484a3-995d-431e-a6c3-31314a46d65d,1849: The Game of Sicilian Railways,1998,legacy_unknown,,,0.1
4e8152b4-48a6-4457-89dd-5e5dc1521c6e,1856: Railroading in Upper Canada from 1856,1995,legacy_unknown,,,0.1
0060bd7a-6cd3-4c09-b517-8e83e472bb87,1857,2015,legacy_unknown,,,0.1
6044ae21-8dc3-4439-bca2-c865d2e0278a,1860: Railways on the Isle of Wight,2004,legacy_unknown,,,0.1
d6e065b6-f1ee-432e-98b6-2bc3f20ec9b6,1861: Railways of the Russian Empire & 1867: Railways of Canada,2020,legacy_unknown,,,0.1
2cce9a1c-3892-420e-b91a-b14cdb583499,1861: The Railways of the Russian Empire,2006,legacy_unknown,,,0.1
2ff415a3-e7bf-4bd4-811c-86e77d2882a8,1862: Railway Mania in the Eastern Counties,2013,legacy_unknown,,,0.1
ff989a23-8b1b-454d-8038-15d9c9d1631e,1870: Railroading Across the Trans Mississippi from 1870,1992,legacy_unknown,,,0.1
6d9aece9-f8e1-4d67-95ec-5b6e3d87bf4d,1880: China,2010,legacy_unknown,,,0.1
5b473fde-1875-40fc-8d66-0d4ec1b13fd0,1882: Assiniboia,2019,legacy_unknown,,,0.1
9a5869e3-0473-4d12-909a-3d5c46fa3e92,18AL,1999,legacy_unknown,,,0.1
23b6098a-fdd7-41a4-bf96-6ead6cd2eada,18Chesapeake,2018,legacy_unknown,,,0.1
880eaee6-5cbc-4def-853b-5074be1b9914,18CZ,2017,legacy_unknown,,,0.1
a065bb66-06e8-4d8c-ad7b-efb969e3cb7b,18Ireland,2017,legacy_unknown,,,0.1
e09359ba-6960-4b8e-94d6-24f56b3cfbc7,18Lilliput,2018,legacy_unknown,,,0.1
fef034bf-b70a-4690-a6ec-20883802e757,18MEX,2005,legacy_unknown,,,0.1
744bf215-d775-4c8d-8d4f-715dd7c11be6,18OE: On the Rails of the Orient Express,2014,legacy_unknown,,,0.1
5b387a76-d27a-4cdb-a2bb-99bc51946faa,1906 San Francisco,2018,legacy_unknown,,,0.1
37bd74d5-22bb-4666-bca1-3ae50a8eca35,1911 Amundsen vs Scott,2011,legacy_unknown,,,0.1
2aad25f8-06a9-4279-b265-3aaa520d6762,1914: Fureur à l'Est,2021,legacy_unknown,,,0.1
ea8493aa-265e-40e1-b0bf-4d950263487a,1914: Nach Paris,2022,legacy_unknown,,,0.1
92ee82a9-356e-4cda-ae1e-3b7b1b6f2fc4,1914: Twilight in the East,2007,legacy_unknown,,,0.1
cb5770e6-6673-4d5c-ac87-6c4228470588,1918: Storm in the West,1992,legacy_unknown,,,0.1
60bb08b0-5dda-47e9-b0c3-3679080c8d3d,1918/1919: Storm in the West,2020,legacy_unknown,,,0.1
647198d9-f754-4f30-8539-ea02138424f5,1920 Wall Street,2017,legacy_unknown,,,0.1
7b2f2628-10e1-4b43-b014-561efa3e0660,1923 Cotton Club,2021,legacy_unknown,,,0.1
f0b3a9a1-7514-4e8c-9c07-c78163359aa2,1944: Race to the Rhine,2014,legacy_unknown,,,0.1
8b09f222-358c-4101-8285-edfe7747c420,1960: The Making of the President,2007,legacy_unknown,,,0.1
5f65c238-8f46-46fb-801b-4266c4316002,1969,2012,legacy_unknown,,,0.1
5ff9777a-e874-4aca-b4b6-cb662521a7a2,1979: Revolution in Iran,2021,legacy_unknown,,,0.1
0cf6ebac-ad5c-4479-80ca-bc08c0de24d3,1985: Deadly Northern Lights,2020,legacy_unknown,,,0.1
2b6a83a8-efb4-4e42-a37f-8ff07390532f,1985: Sacred Oil,2021,legacy_unknown,,,0.1
d63c08b3-8df7-4d0a-baf6-de72497bc237,1987 Channel Tunnel,2019,legacy_unknown,,,0.1
c224cb9e-2127-4105-924c-906ee60102e4,1989: Dawn of Freedom,2012,legacy_unknown,,,0.1
2c60f755-24f2-492e-a5e4-f3458258ebdc,1998 ISS,2022,legacy_unknown,,,0.1
765d4066-2c67-41f7-b4c0-c66a2e25d465,1ers Contacts,2025,legacy_unknown,,,0.1
ee41a896-ae92-41ac-8438-6e9b5607b894,1st & Goal,2011,legacy_unknown,,,0.1
ec956196-a84a-4d98-bac2-81602a9506f8,2 de Mayo,2008,legacy_unknown,,,0.1
1277aa57-7445-4b96-947e-4e9f4bf5cf2a,2 Minutes to Midnight,2022,legacy_unknown,,,0.1
e455fc5c-fcf5-431b-8e83-dd1711bb23bc,20 Questions,1988,legacy_unknown,,,0.1
95050333-9ca3-418b-b544-7e895a1ade21,20 sekund challenge,2021,legacy_unknown,,,0.1
b60b8a0b-1838-4ee8-b75b-e6d149681dad,20 Strong,2023,legacy_unknown,,,0.1
ab0ae8e3-284d-4ad1-b59b-4de059ac8866,20th Century,2010,legacy_unknown,,,0.1
848f4388-2175-4b38-80f3-7614cbaf4a53,20th Century århundredets spil,1998,legacy_unknown,,,0.1
100de423-ef75-495d-b724-938cb26281a9,221B Baker Street: The Master Detective Game,1975,legacy_unknown,,,0.1
f75e2683-90c2-4617-9c20-25b3949c2173,2491 Planetship,2020,legacy_unknown,,,0.1
efb93e73-f208-4ac4-9cc2-e1c38bbd035f,25 Words or Less,1996,legacy_unknown,,,0.1
b74c73ac-a5ea-4ddb-ae5a-f25a4f374562,2GM Tactics,2015,legacy_unknown,,,0.1
7ffbed6c-907d-4fc4-9162-963a77493ba3,2nd Fleet: Modern Naval Combat in the North Atlantic,1986,legacy_unknown,,,0.1
5b1af7f6-7808-433e-a43c-f243374fd6cd,3 Chapters,2024,legacy_unknown,,,0.1
594ca144-3793-408e-a4a1-c95c8f9a382c,3 mit Kopf & Pfote: Wettbewerb der Tiere,2006,legacy_unknown,,,0.1
26dd649f-8c17-4508-8b6f-bad05a61fbb0,3 of a Kind,2024,legacy_unknown,,,0.1
adb5c63b-afb4-4e41-b215-2b40ca38fe8e,3 Or More,1980,legacy_unknown,,,0.1
03c61d7a-f8b2-4a2d-816a-b97d6dcf3802,3 Ring Circus,2023,legacy_unknown,,,0.1
a30c63a7-7255-488c-ad14-cbd983735a23,3 sind eine zu viel!,2015,legacy_unknown,,,0.1
b8c1d2b8-f9b2-4c4f-b0a5-8d68e9d8d5d0,3 Stones,2000,legacy_unknown,,,0.1
2ddafe10-ca3f-4e75-a12a-1a6339dd767c,3 Things,2019,legacy_unknown,,,0.1
307fca74-1c89-4878-a4c2-e95392a0cc3d,30 Carats,2013,legacy_unknown,,,0.1
a0a8bf7a-bda4-4269-9ec5-2797ef22805b,30 Rails,2016,legacy_unknown,,,0.1
0f860dde-f9a8-4b1e-8a43-164330bb3588,30 Seconds,2002,legacy_unknown,,,0.1
c5c914b9-6a5a-409b-a096-33c10d61151e,300: Earth & Water,2018,legacy_unknown,,,0.1
4b8f9d41-e5eb-4aa5-8977-4280a6c7f179,303,2010,legacy_unknown,,,0.1
acd77a89-5b74-44a0-801a-1b72358aab7d,303 Squadron,2021,legacy_unknown,,,0.1
1b1db734-10be-49a1-9ef1-d62d54951916,3D Labyrinth,2019,legacy_unknown,,,0.1
9b1f3474-fc8c-4ce9-9fb5-4ab0bf95200f,"3rd Fleet: Modern Naval Combat in the North Pacific, Caribbean, and Atlantic Oceans",1990,legacy_unknown,,,0.1
3eecf44b-82a2-45e7-b672-b1cf5b71ba21,4 the Birds,2016,legacy_unknown,,,0.1
7a7eb7d5-a66f-498c-8271-8b5feb25bc4a,48th Panzer Korps: Battles on the River Chir,1991,legacy_unknown,,,0.1
06164fb2-8db9-46b7-98f4-10f34d61c5e9,5 Alive,1990,legacy_unknown,,,0.1
b8a07d3b-f6ae-451c-a3ff-3b607e2e7da8,5 Second Rule,2010,legacy_unknown,,,0.1
0c0fac35-0641-4ef8-a567-7450d295be34,5 Second Rule: Relay,2023,legacy_unknown,,,0.1
5c20e3f1-654f-4f7f-a6a3-0a17c554258f,5 Towers,2023,legacy_unknown,,,0.1
9ca80414-ecad-4d93-b830-a59bfd8c8cf7,5-Minute Dungeon,2017,legacy_unknown,,,0.1
446628c8-0caa-4d76-914c-82cd72e49b1a,5-Minute Marvel,2018,legacy_unknown,,,0.1
8abebb6d-e251-458b-a4e1-9da08ec9bc7d,5-Minute Mystery,2020,legacy_unknown,,,0.1
e7432642-1a74-444f-aed5-d039b5cddd00,50 Clues: The Fate of Leopold,2019,legacy_unknown,,,0.1
a2bc5e18-e556-433f-849b-e0dc9e826975,50 Clues: The Pendulum of the Dead,2019,legacy_unknown,,,0.1
2dd2f8f6-cb43-45a5-91e6-17ef4095c5b9,50 Clues: White Sleep,2019,legacy_unknown,,,0.1
7b8a301c-e972-44df-bfc0-a66cd6a80d94,500,1904,legacy_unknown,,,0.1
6c6a0cc2-6d3f-495c-89b3-1d651aaf51e6,504,2015,legacy_unknown,,,0.1
6f350d73-f0c4-48ad-a80e-eaab450b6429,51st State,2010,legacy_unknown,,,0.1
faa1f270-19a5-43ba-81b1-f8b438a422e4,51st State: Master Set,2016,legacy_unknown,,,0.1
38a37d0d-1096-44d4-abe0-93ab76dced66,52 Realms: Adventures,2024,legacy_unknown,,,0.1
19587ccd-fc12-4aa5-bc09-21e38ac5211c,5211,2019,legacy_unknown,,,0.1
27060b8c-4412-48b4-87dc-477edbfc816b,5th Fleet: Modern Naval Combat in the Indian Ocean,1989,legacy_unknown,,,0.1
7448d017-8795-4a28-a1d5-b26d889b5957,6 Castles,2019,legacy_unknown,,,0.1
328a2734-70eb-4d30-a326-12bccb1f62c7,"6 Days of War: The Arab-Israeli Conflict, 1967",2011,legacy_unknown,,,0.1
ea6313a2-150f-4b53-81d0-ba26e1d4d2a4,6 nimmt! 25 Jahre,2019,legacy_unknown,,,0.1
a7110a88-025b-4f3e-aa57-db00be891606,6 nimmt! Junior,2009,legacy_unknown,,,0.1
269b229d-47c9-43c6-9c9d-4d75d527be09,6 richtige,2005,legacy_unknown,,,0.1
baf9ce9a-15e7-417e-9899-a2dc901e9982,6: Siege – The Board Game,2024,legacy_unknown,,,0.1
a24010ee-0aea-4bb5-a396-1065e83e5836,6th Sense,2021,legacy_unknown,,,0.1
8f22d6a5-4fcc-4d8f-b0ad-b4c66d8ea155,7 Ages,2004,legacy_unknown,,,0.1
0ccfc816-add2-493b-ac7d-6dffadd35a9f,7 Empires,2024,legacy_unknown,,,0.1
d188f20b-3e54-4144-ab91-a1fafec650bb,7 Ronin,2013,legacy_unknown,,,0.1
e4da94ca-54b3-4953-905f-9eddac602c6d,7 Safari,2000,legacy_unknown,,,0.1
4992f0f2-e2b5-4948-ac46-813e5e070ad4,7 Wonders,2010,legacy_unknown,,,0.1
b17fb826-a5e1-40ba-92fa-5fbecae5c3e7,7 Wonders (Second Edition),2020,legacy_unknown,,,0.1
01b360c7-cc01-440e-aed7-650717965f71,7 Wonders Dice,2025,legacy_unknown,,,0.1
d1cdd8c1-6c56-498a-a746-cb3454aa116b,7 Wonders Duel,2015,legacy_unknown,,,0.1
805d8500-0cc8-41e4-b4ca-24bc3e4fa530,7 Wonders Duel: Agora,2020,legacy_unknown,,,0.1
1326a4b2-c2a3-48fa-a856-25fec039ebf6,7 Wonders Duel: Pantheon,2016,legacy_unknown,,,0.1
ccfa4c4d-d48c-4a31-b754-799ad1b5f6ae,7 Wonders Duel: Solo,2020,legacy_unknown,,,0.1
7cc5f3bd-d2e6-4c6a-8c31-9ff98b67fdcb,7 Wonders: Architects,2021,legacy_unknown,,,0.1
6863c7af-b4fb-4cd0-ac7c-d474654d23a2,7 Wonders: Architects – Medals,2024,legacy_unknown,,,0.1
1dd8bf5f-b535-4f80-8343-3f0e4d42ce31,7 Wonders: Armada,2018,legacy_unknown,,,0.1
5fd98bc1-719c-4b01-8524-6a21fcf58809,7 Wonders: Babel,2014,legacy_unknown,,,0.1
fb6a357b-eafb-47c6-a1bc-3ee14be22207,7 Wonders: Cities,2012,legacy_unknown,,,0.1
e7437267-ba55-4ad8-8ad6-73845cde0e47,7 Wonders: Edifice,2023,legacy_unknown,,,0.1
93e71848-94d7-414a-b554-23b8097499d4,7 Wonders: Leaders,2011,legacy_unknown,,,0.1
dae602d2-2b82-44fa-8a23-68d69ec989d1,7Seas,2022,legacy_unknown,,,0.1
cdfe6db4-0c3f-4751-8a5b-ecbcc9c21391,7th Fleet: Modern Naval Combat in the Far East,1987,legacy_unknown,,,0.1
2fb2f1f8-3b54-46db-8040-2cf4acb096c6,7th Sea Collectible Card Game,1998,legacy_unknown,,,0.1
4e5e7007-c18d-42af-adcc-773ae083f4ba,80 Days,2022,legacy_unknown,,,0.1
8b7b5356-c4ae-4072-871f-c0f7261d745f,878 Vikings: Invasions of England,2017,legacy_unknown,,,0.1
90d1bb42-be2a-41a3-86a6-25e3ab42f183,9 Lives,2015,legacy_unknown,,,0.1
acf79a55-10c1-4b9d-a94d-a8b0b4ec1b4a,A Billion Suns: Interstellar Fleet Battles,2021,legacy_unknown,,,0.1
03201929-17f8-437f-8720-bccfa8e43a63,A Brief History of the World,2009,legacy_unknown,,,0.1
ef60ad36-56a3-4eee-94c3-969e246ef426,A Call to Arms: Babylon 5 Space Combat,2004,legacy_unknown,,,0.1
f8a10ed1-950e-49b1-b8d0-e81264c98dc1,A Castle for All Seasons,2008,legacy_unknown,,,0.1
d814cb1d-859f-490a-ba76-066b2da55ea3,A Column of Fire,2017,legacy_unknown,,,0.1
2ebcda35-bc28-4889-8062-b119d46825f4,A Crowning Glory: Austerlitz 1805,2022,legacy_unknown,,,0.1
fe4a1ac0-1867-4b8f-ab7d-b998a389f6d2,A Distant Plain,2013,legacy_unknown,,,0.1
8ef8a92c-3e28-40c4-880c-34d74ea70278,A Dog's Life,2001,legacy_unknown,,,0.1
5df63e0a-cbaf-4e9e-9100-55bd74a8e384,A Fake Artist Goes to New York,2011,legacy_unknown,,,0.1
b6876f00-c756-45e0-9b56-ed1563931ce7,A Fatal Attraction: The Gallipoli Campaign,2007,legacy_unknown,,,0.1
a83b469a-a52b-4a3d-b932-117cff5b69ec,A Fearful Slaughter: The Battle of Shiloh,2004,legacy_unknown,,,0.1
ee068749-68cc-4c0e-bb48-ed94ab823cfc,A Feast for Odin,2016,legacy_unknown,,,0.1
feb114cf-d45c-43d6-afca-abbaf32e2c61,A Feast for Odin: The Norwegians,2018,legacy_unknown,,,0.1
c08c85fe-4f1f-46ac-aa24-c50a100aaa28,A Few Acres of Snow,2011,legacy_unknown,,,0.1
a897f431-2575-4db3-bbaf-5e8805452eca,A Fistful of Kung Fu: Hong Kong Movie Wargame Rules,2014,legacy_unknown,,,0.1
64f4edfe-53ba-425b-95f4-d5b5375b6b8e,A Fistful of Meeples,2019,legacy_unknown,,,0.1
a745010e-6bbc-4696-85bb-0d37147a8334,"A Frozen Hell: The Battle of Tolvajärvi, Russo-Finnish War, 1939",2000,legacy_unknown,,,0.1
4507a3f9-4879-4b06-b01c-751c4e06576a,A game about WEE WHIMSICAL CREATURES and trying to identify them after someone makes noises.,2021,legacy_unknown,,,0.1
ada8ecd9-8b08-4a0b-a0fa-b8c2c2d1fb2d,A Game of Cat & Mouth,2020,legacy_unknown,,,0.1
ba394fc8-68c9-49de-bf4e-ef18ede40739,A Game of Thrones,2003,legacy_unknown,,,0.1
e34af366-5206-4601-90cc-8f74e628d704,A Game of Thrones Collectible Card Game,2002,legacy_unknown,,,0.1
aaa7d912-baa6-4538-bc7c-f2536b6b358d,A Game of Thrones: B'Twixt,2022,legacy_unknown,,,0.1
e503c042-7788-4dac-b5d9-ab8c07b8ab3b,A Game of Thrones: Catan – Brotherhood of the Watch,2017,legacy_unknown,,,0.1
256a4652-7e4a-46e4-be7b-c5bfda00412e,A Game of Thrones: Hand of the King,2016,legacy_unknown,,,0.1
b54f3ef1-8bd9-46b1-ab6a-56b30cf7a8c2,A Game of Thrones: The Board Game (Second Edition),2011,legacy_unknown,,,0.1
e72a234e-280d-4af1-9b5b-454af51a4b6a,A Game of Thrones: The Card Game,2008,legacy_unknown,,,0.1
a87332fa-8faf-427a-94d2-2a0247b2a9aa,A Game of Thrones: The Card Game (Second Edition),2015,legacy_unknown,,,0.1
f6776b0d-6d5c-4acf-9dec-e0b539e4ec55,A Gentle Rain,2021,legacy_unknown,,,0.1
5e57fde7-cbd6-4cd2-a031-77b9ce08dbea,A Gest of Robin Hood,2024,legacy_unknown,,,0.1
61a9111e-a02b-405f-a80c-ea6787461bf5,A Greek Tragedy: The Italian Invasion of Greece 1940-1941,2001,legacy_unknown,,,0.1
e165365d-7739-48fd-b167-bf3eb750ddc6,A Handful of Stars,2017,legacy_unknown,,,0.1
08ab3be3-2387-49d5-b038-a50cdd3423c4,A Hard Pounding Fight: The Battle for La Haye Sainte,2019,legacy_unknown,,,0.1
66b1cf1f-de7a-4216-82a9-f24407e62b2b,A House Divided: War Between the States 1861-65,1981,legacy_unknown,,,0.1
d5a7bc68-7e9f-4aee-bcf4-0e9fad4e34d6,A la carte,1989,legacy_unknown,,,0.1
08327ec6-5891-42fd-90f6-a943e7b2d64b,A Little Wordy,2021,legacy_unknown,,,0.1
f5beed36-5ce9-47c4-ac83-469dee5696ef,"A Master Stroke: The Battle for Meiktila, March 5-14, 1945",2006,legacy_unknown,,,0.1
83b4c071-ab8f-4c0e-a307-525bb7699b6b,A Mere Matter of Marching,2002,legacy_unknown,,,0.1
b6baf297-2a0a-4b45-ad05-220e73d5571e,A Message From The Stars,2024,legacy_unknown,,,0.1
a8cf09fd-5d29-41ba-8fe3-81fd8b9e70c4,A Mighty Fortress,1977,legacy_unknown,,,0.1
da9a3206-0ba5-46c6-b29c-34840f6a82e2,"A Most Dangerous Time: Japan in Chaos, 1570-1584",2009,legacy_unknown,,,0.1
cb96f206-a2f7-4b69-9333-e770096832c8,A Most Fearful Sacrifice: The Three Days of Gettysburg,2022,legacy_unknown,,,0.1
a0e6a8fe-20ca-4a54-9b4a-c45fdf831db3,A Place for All My Books,2025,legacy_unknown,,,0.1
70cea165-e239-47f0-af79-5d68a051f38b,A Song of Ice & Fire: Tabletop Miniatures Game – Stark vs Lannister Starter Set,2018,legacy_unknown,,,0.1
01b3e2e7-0f3e-43a1-b6a1-ae2651be668a,A Straight Road,2014,legacy_unknown,,,0.1
21ae674a-947f-4927-a0b8-98afab0bd055,A Study in Emerald,2013,legacy_unknown,,,0.1
5e488c6e-120a-4557-8be0-2020561431cb,A Study in Emerald (Second Edition),2015,legacy_unknown,,,0.1
4725309b-95bd-4774-b417-9756dbd9a97a,A Tale of Pirates,2017,legacy_unknown,,,0.1
3a2bbacc-55b1-416c-a2f2-d7a061f807ae,A to Z,1992,legacy_unknown,,,0.1
e5d33d49-4f16-430d-be29-ce9b98250ebf,A to Z Jr.,1997,legacy_unknown,,,0.1
8edb4b6b-31a6-48bf-86bf-3a79175cacb3,A to Z Jr. Electronic,2008,legacy_unknown,,,0.1
0a4175ae-7c3c-4ab7-a4c9-2a96fa573ae8,A Touch of Evil: Dark Gothic,2014,legacy_unknown,,,0.1
a581ec10-c9d7-443c-a888-6d1f5f974c9b,A Touch of Evil: The Supernatural Game,2008,legacy_unknown,,,0.1
424eb4ad-6856-4025-977d-2b48046a3152,"A Victory Denied: Crisis at Smolensk, July-September, 1941",2009,legacy_unknown,,,0.1
8de1cdeb-d91d-4238-9ecf-48f1ed7626c3,A Victory Lost: Crisis in Ukraine 1942-1943,2006,legacy_unknown,,,0.1
a7d80426-8448-4dbb-b110-c7167e71d57b,A War of Whispers,2019,legacy_unknown,,,0.1
8f042815-6f69-4a88-ae28-0791ae793cd7,A Wayfarer's Tale,2022,legacy_unknown,,,0.1
d9de5e5c-c831-4956-aa58-313949d3e6ab,A Week In Hell: The Battle of Hue,2010,legacy_unknown,,,0.1
a5bd9849-bb17-45b8-8daa-e17493df94a6,A World at War: Second World War in Europe and the Pacific,2003,legacy_unknown,,,0.1
f413c1af-6d5e-445c-bfff-12b89b9f6077,A4 Quest,2017,legacy_unknown,,,0.1
59cc5cc5-d38b-4c76-8820-c4f3b3540550,Ab die Post!,1996,legacy_unknown,,,0.1
6bd23154-7c5e-4491-91be-2d6ddcc8a6ae,Abaku,2008,legacy_unknown,,,0.1
902c6f07-6276-4807-809e-9fe73b49787e,Abalone,1987,legacy_unknown,,,0.1
739c2bc9-fd1d-456a-8271-3fdb5b3c821e,Abandon All Artichokes,2020,legacy_unknown,,,0.1
b713548e-0a3a-4d50-b3ab-03f713090db5,Abandon Ship,2008,legacy_unknown,,,0.1
c72e3266-af39-41f3-bff4-d07fa1a87e72,Abducktion,2023,legacy_unknown,,,0.1
a113ebc2-5f66-4a5b-aed8-50c0bb1a5777,Abilene,1983,legacy_unknown,,,0.1
978f7283-2457-4497-a0dd-bd9b3514b126,Ablaze!,2010,legacy_unknown,,,0.1
a2240c93-0bd7-45c6-a035-c3258219cfc5,Abomination: The Heir of Frankenstein,2019,legacy_unknown,,,0.1
88ef68e5-2a2b-4ce0-9b58-054a441de011,Above and Below,2015,legacy_unknown,,,0.1
21182574-e6c3-416d-8c09-9c5b9e4a85e2,Abracada...What?,2014,legacy_unknown,,,0.1
07960bac-7cdb-4a7f-84fc-1372dbb7aba8,Absolut överens,2004,legacy_unknown,,,0.1
defdc824-171b-4fe7-bdcf-ab3cc7bc62f2,Absolute War! The Russian Front 1941-45,2021,legacy_unknown,,,0.1
b42290df-37ec-412a-8d41-c20e8da9eebd,Abtei der Rätsel,2011,legacy_unknown,,,0.1
92bd4616-8de1-4746-8633-cdd99780047d,Abyss,2014,legacy_unknown,,,0.1
8d65380c-adee-4dae-9da8-a40931160fdf,Abyss: Kraken,2015,legacy_unknown,,,0.1
a7339141-4eac-4302-bd32-237aeb2c1b05,Academia,1989,legacy_unknown,,,0.1
48f1590d-828b-4815-a806-ac2d872c2220,Ace of Aces: Handy Rotary Series,1980,legacy_unknown,,,0.1
7329cf9e-a7f0-40b3-bf8e-6f7309197628,Ace of Aces: Powerhouse Series,1981,legacy_unknown,,,0.1
b5fd98cb-ffd8-48a4-a02a-10af3dadc040,Ace of Spades,2025,legacy_unknown,,,0.1
e436137a-b0db-4f1c-a588-f60e077fc836,Acquire,1964,legacy_unknown,,,0.1
88af55bb-1185-4cdc-9494-c866a94865aa,Acronymia,2006,legacy_unknown,,,0.1
c2196a99-a2e5-46e8-a45d-b70f9b2e3400,Across 5 Aprils,1992,legacy_unknown,,,0.1
4ceed399-68fd-4f18-a737-3ef532583a31,Across A Deadly Field: Regimental Rules for Civil War Battles,2014,legacy_unknown,,,0.1
153d10c8-2672-4d6c-8b8f-a59625e5cdfa,Activity,1990,legacy_unknown,,,0.1
e65732f9-dc7c-4ac4-bef5-960c26594921,Ad Acta,2002,legacy_unknown,,,0.1
47734133-5c8e-464e-ad47-d59c186cf7d5,Ad Astra,2009,legacy_unknown,,,0.1
658d881c-bd8b-4d1f-b2a3-dd3e9a58fd04,Ada Lovelace: Consulting Mathematician,2017,legacy_unknown,,,0.1
03ac2573-e32e-42fa-a698-f3fda3fa651b,Ada's Dream,2025,legacy_unknown,,,0.1
4d9d1dc3-fa77-44f6-bbef-3048736cc815,Adamastor,2025,legacy_unknown,,,0.1
92d6576a-605d-49a6-86dc-15286cb3b08b,Adamastor,2017,legacy_unknown,,,0.1
85538cfa-4370-4568-95fa-45cd9b83080f,Adaptoid,2009,legacy_unknown,,,0.1
e2d696cd-c95e-42f6-8781-ecab207eddbc,Adrenaline,2016,legacy_unknown,,,0.1
29e22aa1-3663-4ab0-89ef-f4e6200f9ad7,Adrenaline: Team Play DLC,2018,legacy_unknown,,,0.1
88340305-f005-49fc-a4f3-88e42ba53da4,Advanced HeroQuest,1989,legacy_unknown,,,0.1
322f045d-fcf9-4ede-950c-73da3932f99b,Advanced Squad Leader,1985,legacy_unknown,,,0.1
e4c0badb-da8e-4071-a1a0-7f385153a60a,Advanced Squad Leader: Starter Kit #1,2004,legacy_unknown,,,0.1
7dbda423-17a4-483f-bdec-73f0f7a45fb4,Advanced Squad Leader: Starter Kit #2,2005,legacy_unknown,,,0.1
f0a7def8-a30e-4bb3-b63f-654712184b6a,Advanced Squad Leader: Starter Kit #3,2007,legacy_unknown,,,0.1
31451446-2877-496e-8ce6-63aaa7686dce,Advanced Squad Leader: Starter Kit Expansion Pack #1,2011,legacy_unknown,,,0.1
f0cc79f9-c95f-44d9-bf57-165fcf8214a8,Advanced Third Reich,1992,legacy_unknown,,,0.1
0fe2ffec-38cd-4350-b2f0-d5c6ee5ab918,Advanced Tobruk: Tank Battles in North Africa 1940-43,2002,legacy_unknown,,,0.1
b80d69d0-c701-4bcb-8bb5-60382591d508,Adventure Games: Monochrome Inc.,2019,legacy_unknown,,,0.1
00880eb6-7f41-44dd-b8a7-d770ef6875a6,Adventure Games: The Dungeon,2019,legacy_unknown,,,0.1
0099f589-8315-406b-92d0-4984d55d7bb2,Adventure Games: The Grand Hotel Abaddon,2020,legacy_unknown,,,0.1
9af088c8-9134-42c4-812a-d84216c38171,Adventure Land,2015,legacy_unknown,,,0.1
99c3d083-11f7-4c1c-ac19-6ec97e095b5b,Adventure Tactics: Domianne's Tower,2021,legacy_unknown,,,0.1
3eb42b00-ecd1-45da-962f-b33c506aab67,Adventure Tours,2014,legacy_unknown,,,0.1
78faeee0-ea80-4631-b847-08c5bf321b1a,Adventures in the Lost Lands,2009,legacy_unknown,,,0.1
0c3fbb46-7a06-4fb3-902f-2630d9d95b7c,Aeon Trespass: Odyssey,2022,legacy_unknown,,,0.1
4018f318-d898-4e28-a748-f07e2d3829e3,Aeon's End,2016,legacy_unknown,,,0.1
5194bb62-fc53-4771-9621-79b3880068e2,Aeon's End: Legacy,2019,legacy_unknown,,,0.1
4da019f8-52a3-46c7-8119-bf922d3ae743,Aeon's End: Legacy of Gravehold,2021,legacy_unknown,,,0.1
db58ff50-8bf7-46f9-b57f-7a80d4fa9e41,Aeon's End: Outcasts,2020,legacy_unknown,,,0.1
98385353-96be-4ce8-9068-423c715c60fe,Aeon's End: The New Age,2019,legacy_unknown,,,0.1
6e7b4057-5c86-4cf1-8746-a4dcefeb5186,Aeon's End: War Eternal,2017,legacy_unknown,,,0.1
4b9de51c-aaf6-40c8-bb2d-efb9ad4a76b9,Aerion,2019,legacy_unknown,,,0.1
c194e02c-3951-4874-b3a5-b2bc8f058c76,Aeroplanes: Aviation Ascendant,2012,legacy_unknown,,,0.1
4d25dafb-7a0e-49a5-b097-0ad3f717875b,Aether,2010,legacy_unknown,,,0.1
d7b36e6c-ef92-4ce7-9ad5-1c0f5357d298,Aether Captains,2010,legacy_unknown,,,0.1
fc121659-d602-4d37-b710-4122dc26872d,Aether Captains: Clockwork Cabal,2011,legacy_unknown,,,0.1
be7bbfeb-0a33-4385-b0f5-546291a76c41,Aethermon: Collect,2023,legacy_unknown,,,0.1
8038145f-620b-420f-9229-988654b9c636,Aetherya,2022,legacy_unknown,,,0.1
6792e6af-28f0-4a55-8208-c42a189918ac,Affenkuss & Kokosnuss,2022,legacy_unknown,,,0.1
15a9dfe1-03b6-46d8-9c03-3d07c06c27bd,Affentheater,2006,legacy_unknown,,,0.1
ea148b4c-de34-45e7-be6e-f7ef49321d26,Africa,2001,legacy_unknown,,,0.1
9de12fd6-1bf7-4d70-bbd2-9f1b0f1e5bcf,Africa,,legacy_unknown,,,0.1
f75bf036-8766-4518-95d0-2f2a927a9650,Africana,2012,legacy_unknown,,,0.1
2e8adbf9-cf78-42de-98f5-ee5f628c483b,Afrika: 2nd Edition,2006,legacy_unknown,,,0.1
34ee6d3f-baa4-4819-88ed-5073df8b9fdf,"Afrika: The North African Campaign, 1940-1942",1993,legacy_unknown,,,0.1
4229e77c-8fa9-427a-ac21-663ffa6093b4,After the Empire,2021,legacy_unknown,,,0.1
271354cd-417f-4200-a71e-b782b796c04a,After the Flood,2008,legacy_unknown,,,0.1
6a04b59c-23d9-4273-90e1-f0cecb98de80,After the Virus,2017,legacy_unknown,,,0.1
bcd4cd5e-a558-48a6-bce5-3f8f794cd8d9,After Us,2023,legacy_unknown,,,0.1
78b30145-ee6f-4ee7-9dfa-747f4dc790d0,Aftermath,2019,legacy_unknown,,,0.1
422bd741-3f29-46a2-8240-aa8f910ce203,Age of Civilization,2019,legacy_unknown,,,0.1
8d4b46c4-9243-4dd2-9162-c2699dc127aa,Age of Comics: The Golden Years,2023,legacy_unknown,,,0.1
dbc6a1b3-5911-462f-9a7f-d58161190513,Age of Conan: The Strategy Board Game,2009,legacy_unknown,,,0.1
3c1d659c-b668-42e6-a361-9dad7f9a4146,Age of Discovery,2007,legacy_unknown,,,0.1
e194dd10-b4d0-4358-a727-e97522f247cc,Age of Empires III: The Age of Discovery,2007,legacy_unknown,,,0.1
bcf21be6-be7c-4944-ba7a-ec52619fe393,Age of Galaxy,2022,legacy_unknown,,,0.1
1f2829a5-aa4a-450c-b0d7-71dbf436a4af,Age of Galaxy (Second Edition),2025,legacy_unknown,,,0.1
186edcb6-007c-44da-ab73-b622839cb8d6,Age of Industry,2010,legacy_unknown,,,0.1
ed97d734-8af6-4b2e-ac2c-772032524ce9,Age of Innovation,2023,legacy_unknown,,,0.1
eac64f33-677c-4c05-a2f5-0b832157ba3f,Age of Mythology: The Boardgame,2003,legacy_unknown,,,0.1
43ebe0b0-57d7-4bfe-aac9-469ad46c7269,Age of Napoleon,2003,legacy_unknown,,,0.1
2e7dda2b-f372-4b71-9a20-538fe7362a11,Age of Rail: South Africa,2011,legacy_unknown,,,0.1
5561ba2a-b4da-456c-9b2b-0b6783290110,Age of Ravens,2012,legacy_unknown,,,0.1
fff143f3-49b2-4006-be54-2f1992c9b176,Age of Renaissance,1996,legacy_unknown,,,0.1
d8dab6b8-a043-411f-8304-4424b313547d,Age of Rome,2023,legacy_unknown,,,0.1
60187e0d-4626-4914-b2de-592393e09672,Age of Steam,2002,legacy_unknown,,,0.1
18e4d77f-8da3-4c32-ab44-680fe3c43dc8,Age of War,2006,legacy_unknown,,,0.1
43b26811-80e2-44ee-aabb-e8f542ecd288,AGE: The Amazing Goal Era,2009,legacy_unknown,,,0.1
4e8ca0ff-619b-4890-8569-b08c856b1e2d,Agemonia,2024,legacy_unknown,,,0.1
bd04aa74-9f3e-43a1-b869-ac7e5a35d988,Agent Avenue,2024,legacy_unknown,,,0.1
5689a5f7-8309-4628-8480-b991cdabfd0e,Agent Decker,2015,legacy_unknown,,,0.1
001d740a-9126-42a0-b7e1-d2e4d2d07da9,Agent Doppelnull,2011,legacy_unknown,,,0.1
59c6e2a7-8b60-43bc-9c84-cfd56b2f4803,Agents of SMERSH,2012,legacy_unknown,,,0.1
f598cec8-254c-4d80-aa89-b8b81b859611,Agility,2016,legacy_unknown,,,0.1
de3261c2-defd-4074-a1b8-0bee4ed9e718,"Agincourt: The Triumph of Archery over Armor, 1415",1978,legacy_unknown,,,0.1
b8e1b8d3-51db-400f-adb2-c41e273d3c0c,Agra,2017,legacy_unknown,,,0.1
24befb6e-c87f-4336-b8ec-6cd3d1e23544,Agricola,2007,legacy_unknown,,,0.1
b5c06ec2-9f5c-4976-8cc1-804e2c37801e,Agricola Express,2009,legacy_unknown,,,0.1
f7df136c-0ea7-4283-9df5-92dfcbfd39e9,Agricola: All Creatures Big and Small,2012,legacy_unknown,,,0.1
a26ccf7a-f1fc-4dc7-bcc6-6d43b23a8dd7,Agricola: Family Edition,2016,legacy_unknown,,,0.1
860f39de-2f5c-4b9b-8c7e-60337b4e1045,Agricola: Farmers of the Moor,2009,legacy_unknown,,,0.1
45fa6314-7e31-4a46-a87a-525d94bbfb5c,Agropolis,2021,legacy_unknown,,,0.1
a688e518-cdb6-4325-9adf-062adf44955c,AGUA,2002,legacy_unknown,,,0.1
6c2d6145-a876-4f76-894d-bee3739c0db5,Águeda: City of Umbrellas,2024,legacy_unknown,,,0.1
453efea1-5c32-4027-b3d1-1f0851c90ecd,Ahoy,2022,legacy_unknown,,,0.1
7d10092a-7562-4bfa-96a8-ebc26dd5b64b,Ahoy Treasures!,2006,legacy_unknown,,,0.1
752a7df1-c94d-43e6-bd64-9a906155bcd4,Air Assault on Crete / Invasion of Malta: 1942,1977,legacy_unknown,,,0.1
209267e8-783e-4ea5-8c3d-c340092ac9d1,Air Baron,1996,legacy_unknown,,,0.1
d95e2fcc-3359-498f-9daf-b1a328fee8e0,"Air Bridge to Victory: Operation Market-Garden, 1944",1990,legacy_unknown,,,0.1
b4803b2e-02c1-4d42-9077-50200a9f4e24,Air Force,1976,legacy_unknown,,,0.1
f67fd0a6-81a5-4934-8001-502c16a5070a,Air War: Modern Tactical Air Combat,1977,legacy_unknown,,,0.1
82aec1e1-08d4-42db-939c-78117426bc72,"Air, Land, & Sea",2019,legacy_unknown,,,0.1
20f3d616-85b3-4d7f-8ad7-f86fff5faf6b,"Air, Land, & Sea: Spies, Lies, & Supplies",2022,legacy_unknown,,,0.1
a51f7a8a-7e8c-43ad-b5c5-1a816b668b36,Airborne Commander,2015,legacy_unknown,,,0.1
05efce16-e377-4a4a-8b3d-ca2b29e8889e,Airborne in My Pocket,2009,legacy_unknown,,,0.1
990e9c95-4bd4-4e72-93c2-f77aa7fc718c,Airlines Europe,2011,legacy_unknown,,,0.1
9face8e3-2f2f-424c-96ea-2af565888eff,Airship City,2018,legacy_unknown,,,0.1
34940bc4-ed5d-443f-954d-abd40b7f2527,Airships,2007,legacy_unknown,,,0.1
3a0c7491-cd67-4088-8036-bcfe2a46a13f,Akaba,2004,legacy_unknown,,,0.1
9ba47dc7-5c78-46bb-a644-616827bfdbb3,Akropolis,2022,legacy_unknown,,,0.1
68a74630-0303-422a-be20-653a12d0670c,Akrotiri,2014,legacy_unknown,,,0.1
72b771d8-5e87-4fc2-bcd9-f3f6fce55049,Al Cabohne,2000,legacy_unknown,,,0.1
8710780a-56ce-4b19-a167-3ffedabea039,Aladdin's Dragons,2000,legacy_unknown,,,0.1
ff2ee675-f217-4814-a859-b372f0e3fede,Alaric the Goth: Fall of the Western Roman Empire,1980,legacy_unknown,,,0.1
3fab7dd4-c734-42f5-8141-9596c215e7f1,Alarme,2006,legacy_unknown,,,0.1
d15b869f-0211-47f2-a9ab-585ae7a0ee85,Alaska,1979,legacy_unknown,,,0.1
b6f0d902-407b-457e-a6e9-2e288e50dcb6,Albert's Insomnia,2010,legacy_unknown,,,0.1
466267c9-010c-42a2-add4-34e8271b72b9,Alcatraz,1999,legacy_unknown,,,0.1
9ea8e7a2-c2d8-43b9-960b-7ee753a2b1f7,Alcatraz: The Scapegoat,2011,legacy_unknown,,,0.1
fe7bdc3e-fae3-4568-a7b5-5c8304afb177,Alchemist,2007,legacy_unknown,,,0.1
99012919-d55f-4d86-b38f-f90f22776ac5,Alchemists,2014,legacy_unknown,,,0.1
a90eb5ed-f15c-4f68-85e0-68f384ede4a6,Alchemists: The King's Golem,2016,legacy_unknown,,,0.1
acae79dd-b1ff-4e39-bdd4-176a97de799c,Ale bałagan,2023,legacy_unknown,,,0.1
b2a9006f-15dd-4521-ba3d-7e5484917176,Alea Iacta Est,2009,legacy_unknown,,,0.1
fdd74a23-a11b-4f4d-be7d-2acc800300f5,Aleph Null,2022,legacy_unknown,,,0.1
1ba6d743-77bf-463a-80c8-61d57b49f99a,Alexander at Tyre,1993,legacy_unknown,,,0.1
e52087b6-afe9-42d8-9efc-044d06253a8b,Alexandros,2003,legacy_unknown,,,0.1
740b3a2f-a563-4f94-be4a-318c875d0f42,Alexandros,1991,legacy_unknown,,,0.1
38cc0489-8a11-4f20-93a0-a62a8d129bbf,Algeria: The War of Independence 1954-1962,2000,legacy_unknown,,,0.1
84a6ab7a-74c6-4f44-8594-54f2b50a7125,Alhambra,2003,legacy_unknown,,,0.1
08ca1f0f-c910-4d18-9ac2-7c016936b485,Alhambra: The Card Game,1992,legacy_unknown,,,0.1
7fb38b1b-732e-4832-85d0-3dfbcd737209,Ali Baba,2002,legacy_unknown,,,0.1
b527485e-7320-426a-8caf-cf2a019efbc5,Alias,1990,legacy_unknown,,,0.1
110d8a14-b45d-4099-8374-207b05b8c08e,Alibi,1993,legacy_unknown,,,0.1
4ffe3f39-f80a-42f0-9cf5-91893395929a,Alice is Missing,2020,legacy_unknown,,,0.1
7635a5c1-76fb-421d-812a-29ec6cb56d66,Alice's Garden,2020,legacy_unknown,,,0.1
29b5c317-6b20-4113-9cd7-5027130c126f,Alien Artifacts,2017,legacy_unknown,,,0.1
d85b7507-a022-482a-9ec1-abff42f6d933,Alien Frontiers,2010,legacy_unknown,,,0.1
92961391-1422-465b-a6f0-6c756b60034c,Alien Frontiers: Factions,2012,legacy_unknown,,,0.1
4421de70-dc02-48b8-ae13-fbfc08e1745c,ALIEN: Fate of the Nostromo,2021,legacy_unknown,,,0.1
2c56995b-b34c-48fb-8769-d47f1112c669,Aliens,1989,legacy_unknown,,,0.1
44fb2c1d-9b8f-473f-8325-7390182e22b0,Aliens: Another Glorious Day in the Corps,2020,legacy_unknown,,,0.1
ff1247b9-9fac-4ca6-8845-903f2ff78452,Aliens: Bug Hunt,2020,legacy_unknown,,,0.1
cfdd2e4f-d121-49c2-ade4-a82d94418f79,Aliens: This Time It's War,2010,legacy_unknown,,,0.1
4096e4bf-b95a-436d-a2c1-f2a1662669b6,"All Bridges Burning: Red Revolt and White Guard in Finland, 1917-1918",2020,legacy_unknown,,,0.1
59264da1-fb11-4a8a-84a0-826a7b480b02,All Quiet on the Western Front,1997,legacy_unknown,,,0.1
d00b2e62-f286-481f-83c5-707a80bcb7b0,All Things Zombie,2005,legacy_unknown,,,0.1
da5671fb-2b42-4272-9cbb-2b2b9a98bec6,All Things Zombie: The Boardgame,2009,legacy_unknown,,,0.1
48d39163-3afd-4807-813c-a9bf2dff703a,All Wound Up,2004,legacy_unknown,,,0.1
a1179ae2-e0c9-47ad-9b39-125a3ae6626e,Alle Vögel sind schon da!,2015,legacy_unknown,,,0.1
714104e7-2a9e-4d29-be42-f5c0ff7d1e16,Allegiance: A Realm Divided,2015,legacy_unknown,,,0.1
8358dcef-e2f4-4cba-85a3-d14e10836271,Allegra,2020,legacy_unknown,,,0.1
88ac412b-564c-4eee-84a6-1e21bf26eb6b,Alles Käse,2005,legacy_unknown,,,0.1
9a1b9582-97e0-4483-b6d3-7aa4af4e2938,Alles Käse!,2013,legacy_unknown,,,0.1
e77b1208-24e8-4350-9d8b-b4b928e21dde,Alles Tomate!,2007,legacy_unknown,,,0.1
009db2de-2bcf-40ed-84be-da9e6a2e8879,Alma Mater,2020,legacy_unknown,,,0.1
0d2ad095-0d62-49c2-a28a-040738334565,Almanac: The Dragon Road,2020,legacy_unknown,,,0.1
8e0c2c33-c3fa-4e0f-9b91-8f76c59cc577,Almoravid: Reconquista and Riposte in Spain 1085-1086,2022,legacy_unknown,,,0.1
4f69fb65-1055-4ce6-b520-fc4d6a508588,Almost Innocent,2023,legacy_unknown,,,0.1
cec356e4-e169-4b79-b616-eb2730c0b399,Alone,2019,legacy_unknown,,,0.1
1a95a770-39cf-430c-a35b-4f53586afef3,Alphabet Runner,2005,legacy_unknown,,,0.1
cef0643a-b2be-4389-9c4e-a0e06ecb23b5,Alpine Trails,2024,legacy_unknown,,,0.1
e77e144d-b897-4b11-97b1-82fcbb3ccae8,Altar Quest,2020,legacy_unknown,,,0.1
78887465-5834-46d5-8bd7-1c4e7cd17f0d,Altered,2024,legacy_unknown,,,0.1
1645cb5d-3db7-4518-a84f-d2ad951f2f2f,Altiplano,2017,legacy_unknown,,,0.1
16d5d432-385a-4e5e-953d-bdf2cf4749b4,Alubari: A Nice Cup of Tea,2019,legacy_unknown,,,0.1
5c83e0f0-cb59-457f-b840-21616e7e8d1d,Am Fuß des Kilimandscharo,1995,legacy_unknown,,,0.1
6b2bc9d0-76a8-4001-8c96-c54bf2cccbb2,Amalfi: Renaissance,2023,legacy_unknown,,,0.1
a045a5b5-4170-40d3-abf4-ffa3c73b75d5,Amass,2022,legacy_unknown,,,0.1
3dc06cd2-d87f-4179-9d0f-a50aff514b6f,Amateurs to Arms!,2012,legacy_unknown,,,0.1
0ad8e6e5-8220-491d-aa54-39a92d4c0847,Ambiguity,2013,legacy_unknown,,,0.1
5c9fe4ea-10e8-40e0-be6d-5c31bfdd5000,Ambush!,1983,legacy_unknown,,,0.1
a21bb954-0c71-45a6-8ebc-fa41a03cf050,America,2016,legacy_unknown,,,0.1
19e43297-cd35-4913-863c-c5ffe233966a,American Bookshop,2019,legacy_unknown,,,0.1
475db05a-28f2-4641-9afd-60f8f3c846f7,American Rails,2009,legacy_unknown,,,0.1
a8c6027a-e942-426a-a273-e147639fcb26,American Tank Ace: 1944-1945,2022,legacy_unknown,,,0.1
479b0320-ce4a-4229-9a5a-58129bc34b19,Amerigo,2013,legacy_unknown,,,0.1
17856545-60c2-4196-ba71-eeb7e0b87ed0,Amerigo,2008,legacy_unknown,,,0.1
cf9c4ec9-d28f-473c-bd97-19e62cc1c36d,Amoeba Wars,1981,legacy_unknown,,,0.1
c3e839b8-92d5-40c2-af9d-ba70c553b673,Among Cultists: A Social Deduction Thriller,2023,legacy_unknown,,,0.1
1b0f226d-2d0f-47ea-8701-e49865cb6311,Among the Stars,2012,legacy_unknown,,,0.1
9c14c6b8-9f66-4b76-9627-f23ea59a002e,Among the Stars: Revival,2015,legacy_unknown,,,0.1
76fe0dfa-2d95-40ca-ac0d-969423d6db19,Ampparin Eskari Kirjaimet ja sanat,2010,legacy_unknown,,,0.1
74d38acd-7788-433c-90c7-1d0f8deb762d,Amritsar: The Golden Temple,2023,legacy_unknown,,,0.1
185f425e-570b-4ce8-a082-644357652296,Amsterdam,2022,legacy_unknown,,,0.1
727eecdf-e240-4c9b-8658-b30cb9b5b93e,Amul,2019,legacy_unknown,,,0.1
983851a0-167b-4022-ab6d-aa869315f428,Amulet,2023,legacy_unknown,,,0.1
b52ba97e-4573-4fab-ba46-ae9bb840c507,Amun-Re,2003,legacy_unknown,,,0.1
0d41b5dc-0f99-4348-a3a4-d9e45e630eae,Amun-Re: 20th Anniversary Edition,2023,legacy_unknown,,,0.1
783c4c98-e6bb-4e16-bf73-2ab7332206f6,Amun-Re: The Card Game,2017,legacy_unknown,,,0.1
720e6c9d-b7ac-47cd-be6d-adee8c95dd22,AmuseAmaze,2007,legacy_unknown,,,0.1
d032013c-ceca-470c-85d8-97940fda8ca9,Amyitis,2007,legacy_unknown,,,0.1
3a2d5359-845e-4edc-b355-932e75ff4902,An Attrition of Souls,2020,legacy_unknown,,,0.1
38923c12-76ff-46fb-96aa-95ef7990125b,An Infamous Traffic,2016,legacy_unknown,,,0.1
f7ed3411-32ea-4ad9-951c-0f7987a51b55,Anachronism,2005,legacy_unknown,,,0.1
a1a8866d-6c6d-49be-9c8e-fe3d6086a52e,Anachrony,2017,legacy_unknown,,,0.1
64befa54-be9d-43cd-ab58-d5c2d069ad37,Anachrony: Fractures of Time,2020,legacy_unknown,,,0.1
6d35a2f7-461d-4e26-a711-e5421643b6a3,Anansi,2020,legacy_unknown,,,0.1
340a5556-1bfe-4aff-916a-363c2bccd4ac,Anatomy Fluxx,2018,legacy_unknown,,,0.1
e528c764-2685-4102-a763-e2dab6ee2107,Ancestree,2017,legacy_unknown,,,0.1
b9d9d89f-f3a4-4474-8646-956a1c537458,Ancient Knowledge,2023,legacy_unknown,,,0.1
9d4476b7-d980-4d63-a748-7d3e97e22f17,Ancient Realm,2023,legacy_unknown,,,0.1
86e7de06-4a59-4c0c-bd93-d879714805e0,Ancient Terrible Things,2014,legacy_unknown,,,0.1
1703cc8a-d850-4ffc-86b9-372b337f8283,Andean Abyss,2012,legacy_unknown,,,0.1
e31c11fa-3453-437e-818c-509e8fb600f0,Andor: The Family Fantasy Game,2020,legacy_unknown,,,0.1
52ed4dd3-1d8c-4cce-9ace-d875d8885722,Android,2008,legacy_unknown,,,0.1
ee5be121-a40d-4073-881f-bb3134fe265b,Android: Infiltration,2012,legacy_unknown,,,0.1
42237e10-d62d-41f4-80df-f3cfefc0d465,Android: Mainframe,2016,legacy_unknown,,,0.1
48baef82-a5e0-42a4-aa5e-ee177fedca21,Android: Netrunner,2012,legacy_unknown,,,0.1
8553523a-e38f-4bcc-9346-e7c9d159ed27,Andromeda,1999,legacy_unknown,,,0.1
a3a531d8-e679-4a42-a8f5-a15c3d6a0469,Andromeda's Edge,2024,legacy_unknown,,,0.1
6bcd0cb3-2f6d-42e9-aa3e-5bdabb88e302,Angola,1988,legacy_unknown,,,0.1
bfc9a1a1-f4f4-4805-adc8-1e6305cb742e,Angry Birds: Knock on Wood,2011,legacy_unknown,,,0.1
69f49577-3cb6-44fc-a04a-169d9accf256,Animal Act,2017,legacy_unknown,,,0.1
1b02f0d9-4b8b-4339-b5ee-d2408acded17,Animal Express,2007,legacy_unknown,,,0.1
63c5ed7f-2b7b-4f1f-81ab-47e560eca8d9,Animal Friends: Jungle Party,1992,legacy_unknown,,,0.1
f38d15c9-d7ed-48b1-9795-bf20f5885246,Animal Kingdoms,2020,legacy_unknown,,,0.1
246951a0-be5e-4b22-acab-5aac7cab6c44,Animal Rescue,2020,legacy_unknown,,,0.1
d5d4558e-3ce3-4bf9-bc95-396d12ec04d4,Animal Upon Animal,2005,legacy_unknown,,,0.1
539a0379-8a78-4c25-ad85-80e47d44f0a8,Animal Upon Animal: Balancing Bridge,2010,legacy_unknown,,,0.1
b916c128-2357-45e5-80cd-0f39fdaef573,Animalacious,2010,legacy_unknown,,,0.1
75574387-c889-496d-993c-75790967ae21,Animals on Board,2016,legacy_unknown,,,0.1
73bd84e6-745b-4475-9dc0-55857c8b7942,Animocrazy,2000,legacy_unknown,,,0.1
f0b98894-58f7-45a7-8108-255870319957,Animouv,2017,legacy_unknown,,,0.1
3a99201e-8e36-40d1-8a7d-4f3a14f8425d,Ankh,2016,legacy_unknown,,,0.1
1e5079f8-84c1-454a-9336-be21b477322a,Ankh: Gods of Egypt,2021,legacy_unknown,,,0.1
6b7af1c9-8b00-4dec-9e59-39983e2cc995,Ankh'or,2019,legacy_unknown,,,0.1
43600e35-4f82-4bfc-9d07-feb40cab6ef9,Anno 1701: Das Kartenspiel,2007,legacy_unknown,,,0.1
8556779a-321e-4e1a-a497-ced3d1f6ec3a,Anno 1800: The Board Game,2020,legacy_unknown,,,0.1
c0f9820f-aaaf-45b8-a7c8-5e168f352c37,Anno Domini: Erfindungen,1999,legacy_unknown,,,0.1
87a11de4-0b60-4553-8f66-2646957a6574,Anno Domini: Flopps,2001,legacy_unknown,,,0.1
3a9da243-7515-48b0-b463-2a6a0a3db6c7,Anno Domini: Sport,2000,legacy_unknown,,,0.1
c0f0ebf6-3e36-4d2a-819a-53e10673822d,Anomia,2010,legacy_unknown,,,0.1
9b7faf33-da81-48c4-9f7b-5540ee7c1f0c,Anomia Kids,2017,legacy_unknown,,,0.1
39dc4e60-ba9b-4318-9149-821dd2423370,Anomia: Party Edition,2013,legacy_unknown,,,0.1
882a407e-a3f3-4be3-836c-224ac4515efc,Anticipation,1987,legacy_unknown,,,0.1
7bb46dc5-08ce-4e48-8bc7-e35f7d86a9f4,Antics!,2010,legacy_unknown,,,0.1
4bdae6aa-5a5e-4a32-a990-a78219cbabc8,Antidote,2013,legacy_unknown,,,0.1
abbb83dd-6800-4597-b5be-3304ebf2123e,Antike,2005,legacy_unknown,,,0.1
88bf0621-612f-4d8c-99a8-110765abfe19,Antike Duellum,2012,legacy_unknown,,,0.1
4789e56b-5ada-4ff1-8568-51b5cfe45d15,Antike II,2014,legacy_unknown,,,0.1
e51e1084-eb35-4752-94fb-3ceba55b3a75,Antinomy,2019,legacy_unknown,,,0.1
01edaba9-c462-4aa9-b3b0-d72886379d47,Antiquity,2004,legacy_unknown,,,0.1
5dec2179-a345-4414-bb49-f11bb46eda27,ANTS,2025,legacy_unknown,,,0.1
afd4b7dd-87c6-4d13-b0c4-1541470654bb,Anunnaki: Dawn of the Gods,2023,legacy_unknown,,,0.1
58b56651-ed7d-422e-be20-5ce8c52ba1bf,Apache,2007,legacy_unknown,,,0.1
0a288378-fe32-4522-9142-b4125523fcc0,Apex Theropod Deck-Building Game,2015,legacy_unknown,,,0.1
067a42ea-9809-4d04-bc47-da8bf92a6f95,Apiary,2023,legacy_unknown,,,0.1
3a5ff43b-7607-4b50-b537-f08240de97b1,Apotheca,2016,legacy_unknown,,,0.1
599b6edd-e457-4285-bcad-7cec12cf87e5,Apple Pop,2015,legacy_unknown,,,0.1
e1608567-55bb-4c87-b1c6-6966c540825b,Applejack,2022,legacy_unknown,,,0.1
fa622795-4412-4140-b868-98fc778b353d,Apples to Apples,1999,legacy_unknown,,,0.1
6d6945da-ccc9-458c-9c6b-b8fc303abd9b,Apples to Apples: Expansion Set #3,2001,legacy_unknown,,,0.1
2612b9ca-891e-46e0-bef0-1e0fe58a1d42,"April's Harvest: The Battle of Shiloh, April 6 & 7, 1862",1995,legacy_unknown,,,0.1
a5e772fd-d955-4573-a289-53d3807a99d6,Aqua Garden,2021,legacy_unknown,,,0.1
064083f1-d5f1-4462-91fd-d8f476d7d119,Aqua Romana,2005,legacy_unknown,,,0.1
5bb498c3-95a9-417c-86a3-88c31dcd8c47,AQUA: Biodiversity in the Oceans,2024,legacy_unknown,,,0.1
80be7bff-3d7a-4dce-a10f-9a9849c0911d,Aquädukt,2005,legacy_unknown,,,0.1
7e3fd4b1-c855-48ca-84f6-26e4e0b9cc3a,Aqualin,2020,legacy_unknown,,,0.1
30ad91b5-4578-47e1-8174-fa92beb9d6f9,Aquamarine,2022,legacy_unknown,,,0.1
311df95d-8446-4612-ba12-a1330ab54d0a,Aquaretto,2008,legacy_unknown,,,0.1
1b75cd21-b761-4f48-b1df-4d4ec50a2aef,Aquaria,2025,legacy_unknown,,,0.1
8efddff5-0852-4781-b2e7-b29174b13cf0,Aquarius,1998,legacy_unknown,,,0.1
4f191ace-03b9-4249-895e-f91b04884c7f,AquaSphere,2014,legacy_unknown,,,0.1
9a9e5693-fc75-487c-a56d-1f62f5bc46b6,Aquatica,2019,legacy_unknown,,,0.1
7c02e6de-c835-420c-88d9-11f843314a95,Aquileia,2011,legacy_unknown,,,0.1
4d812587-fe0d-4157-bba3-030e56d6573c,Arabian Nightmare: The Kuwait War,1990,legacy_unknown,,,0.1
11e5fc40-6de2-42cf-af15-3703187cb80a,Arborea,2023,legacy_unknown,,,0.1
0b49d2ce-6a0e-48d1-a7b8-fd6329bca4c5,Arboretum,2015,legacy_unknown,,,0.1
2f14340f-3acd-451b-8366-5221f2d648db,Arbos,1999,legacy_unknown,,,0.1
87c6b26e-abeb-44d2-8387-ad73c7beba45,Arbra Kadabra,2018,legacy_unknown,,,0.1
0de1c084-e607-4a39-b817-16ba7bbaf981,Arcadia Quest,2014,legacy_unknown,,,0.1
c770dfbd-9aef-45d8-9ceb-2b965f37ad77,Arcadia Quest: Inferno,2017,legacy_unknown,,,0.1
7632dcfd-72eb-47f3-b730-07d9b2637ef6,Arcana Rising,2022,legacy_unknown,,,0.1
1ef9d769-6283-4fe9-b335-6bc873139f89,Arcane Academy,2016,legacy_unknown,,,0.1
f1fde3e3-51e9-4446-9540-9b15138bac97,Archaeology: The Card Game,2007,legacy_unknown,,,0.1
a586ec5a-4488-45f0-808d-3293cd6ee857,Archaeology: The New Expedition,2016,legacy_unknown,,,0.1
4be18db6-017d-442b-a6d3-ad8b0fe2da3d,ArcheOlogic,2023,legacy_unknown,,,0.1
4e473fc9-f9dd-42f2-99c5-dfbcbb3d8f34,Archeos Society,2023,legacy_unknown,,,0.1
c13deba7-94a9-49ae-b069-4a80e6226406,Archer: Once You Go Blackmail...,2016,legacy_unknown,,,0.1
4784ef65-99f2-40a7-954f-d6b8146fb401,Archipelago,2012,legacy_unknown,,,0.1
e2f6fe63-bb56-493d-bf12-ff8920d7e7a1,Architects of the West Kingdom,2018,legacy_unknown,,,0.1
624f5117-e5b5-4104-8302-a1ea60695524,Archon: Glory & Machination,2013,legacy_unknown,,,0.1
70db7477-dc30-4188-96c2-ed7032bee6ae,ArchRavels,2021,legacy_unknown,,,0.1
a9cf002c-d274-445e-b019-31ed13f9da2c,Arcs,2024,legacy_unknown,,,0.1
77847996-dae8-40de-b45b-f42b9b9c7d3f,Arcs: The Blighted Reach Expansion,2024,legacy_unknown,,,0.1
c83e130d-0f22-40d7-b6e1-b6589f2ddb04,Arctic Race,2020,legacy_unknown,,,0.1
891be515-2c99-4d6b-a244-6d96e16a9cad,Arctic Scavengers,2009,legacy_unknown,,,0.1
0b9a5b34-cede-47fb-b55f-efcf8ebb1a03,Arctic Storm: The Russo-Finnish Winter War 1939-40,1992,legacy_unknown,,,0.1
eeb96a0a-0ac1-40ec-a03b-72280e4086ea,Ardennes,1994,legacy_unknown,,,0.1
c1e2736d-b4ad-4390-87cf-51876b74ec82,Ardennes '44: The Battle of the Bulge,2003,legacy_unknown,,,0.1
b0a1c5a2-f773-4210-aa20-762db5fea6d4,Are You the Traitor?,2009,legacy_unknown,,,0.1
d0e8ed57-8292-4c27-9de2-42b27b75afc8,Arena Maximus,2003,legacy_unknown,,,0.1
3defdc4f-66be-4aa2-8d64-660b4c590471,Arena: For the Gods!,2017,legacy_unknown,,,0.1
bb666ac9-9af9-468d-b0d3-0685ad59f93b,Arena: Roma II,2009,legacy_unknown,,,0.1
66ef8c04-d9c1-4eb7-90c8-6f0432b6907b,Arena: The Contest,2019,legacy_unknown,,,0.1
bb04b13e-2f56-495e-8704-09039203a394,Argent: The Consortium,2015,legacy_unknown,,,0.1
43863f31-26ec-4940-b671-03ff422cfbd8,Arginussae,2001,legacy_unknown,,,0.1
6d3c5b1c-6616-463a-8c67-8b5ba99addb9,Arigatō,2025,legacy_unknown,,,0.1
30a1958b-c2d5-48eb-ab01-eb737e7db948,Arimaa,2002,legacy_unknown,,,0.1
cf59e0ce-56ce-4b85-8b8b-d87b3b950797,Aristeia!,2017,legacy_unknown,,,0.1
3d8049a6-01bd-4811-a633-c0616d46a5ee,Ark,2005,legacy_unknown,,,0.1
9b0f305c-0a9d-41c9-9d75-8418258548ff,Ark Nova,2021,legacy_unknown,,,0.1
64a236b8-8763-4c94-997a-fa3bf12d3f28,Ark Nova: Marine Worlds,2023,legacy_unknown,,,0.1
f625d558-3909-4941-aed1-47a2e358467b,Arkadia,2006,legacy_unknown,,,0.1
029536b0-b3d4-45e9-b6e7-35943bd1f0ec,Arkeis,2023,legacy_unknown,,,0.1
f3ce04b2-181c-4e4c-b2fe-cb2421ab7d9c,Arkham Express,2010,legacy_unknown,,,0.1
9d068bd8-1008-4805-b425-9724b5a98477,Arkham Horror,2005,legacy_unknown,,,0.1
90db92f1-88b7-4f9e-bb8a-ec0b92f941d6,Arkham Horror,1987,legacy_unknown,,,0.1
478c3fa4-d09d-4c65-a903-3e9cb82f27cb,Arkham Horror (Third Edition),2018,legacy_unknown,,,0.1
99a28d99-83b3-45f2-93f7-7c3d72f1e2c2,Arkham Horror: Final Hour,2019,legacy_unknown,,,0.1
946b035e-a4b6-4d21-9cb6-2b96b20d1d7d,Arkham Horror: Innsmouth Horror Expansion,2009,legacy_unknown,,,0.1
f7d0571d-764d-4bf0-adda-f5b1a5cdac02,Arkham Horror: Lovecraft Letter,2025,legacy_unknown,,,0.1
fa7b3a4d-8b0b-48a6-a0fd-158783a70520,Arkham Horror: The Card Game,2016,legacy_unknown,,,0.1
aa97e33f-19e4-4de4-b3e2-3575834b6af6,Arkham Horror: The Card Game – Revised Core Set,2021,legacy_unknown,,,0.1
e0593d6a-c89a-4936-b55e-8b7c6b96d6f0,Arkham Horror: The Card Game – The Dunwich Legacy: Expansion,2017,legacy_unknown,,,0.1
a25ad6f5-d285-4d44-8daa-f35305476959,Arkham Horror: The Card Game – The Feast of Hemlock Vale: Campaign Expansion,2024,legacy_unknown,,,0.1
d279129f-8023-4e6c-a1fd-bce853b36d3a,Arkham Investigator,2013,legacy_unknown,,,0.1
edfd73a1-621f-4338-93c2-f0566d13c485,Arkham Noir: Case #1 – The Witch Cult Murders,2017,legacy_unknown,,,0.1
3a85211c-3f36-4911-9aa7-72bdd02f9f37,Arkham Noir: Case #2 – Called Forth By Thunder,2018,legacy_unknown,,,0.1
a8f45610-4af8-48b2-aa20-ee719a480dec,Arkwright,2014,legacy_unknown,,,0.1
b00fda5c-1e9b-40d7-9941-558bc73e7dfe,Arkwright: The Card Game,2021,legacy_unknown,,,0.1
e845677b-fde9-4d61-a990-6b24af71dcc0,Armada,1986,legacy_unknown,,,0.1
4b79b824-fe36-4bf5-8c80-0ab941898663,Around the World in 80 Days,2004,legacy_unknown,,,0.1
9857c39c-4e0c-4dc1-8a4a-1e3edc99b021,Around the World in 80 Days,2016,legacy_unknown,,,0.1
07cf0774-ed64-4551-a172-b6acf58d9f25,Arracourt,2022,legacy_unknown,,,0.1
99969bb2-159d-4622-81ee-14e42939f487,Arraial,2018,legacy_unknown,,,0.1
a16739ce-f033-4bec-ad73-4f9ecf5a5bfa,Arrival,2027,legacy_unknown,,,0.1
be86aca4-5cbd-4cbd-a1ca-9e953de82d58,Art Decko,2019,legacy_unknown,,,0.1
9d72632f-f6b2-41db-81ba-23b4d3802ee8,Art Robbery,2021,legacy_unknown,,,0.1
84a31493-3e41-4ddf-b11b-1109b456e9d6,Art Society,2023,legacy_unknown,,,0.1
9f8f61ba-46ea-43f4-9c14-83f9701e174d,Article 27: The UN Security Council Game,2012,legacy_unknown,,,0.1
f1c202c3-45d2-4f6b-8aa1-5d0acf331868,Articulate!,1992,legacy_unknown,,,0.1
802ab536-da39-4c91-ba8e-5f49a4e654dc,"Artifacts, Inc.",2014,legacy_unknown,,,0.1
af14b028-9c52-4a1d-b34f-aa9a69e19d23,Artisans of Splendent Vale,2022,legacy_unknown,,,0.1
d0103f1b-49f2-46d1-b40e-57f856833f91,Artistico,2010,legacy_unknown,,,0.1
06459f1e-e7b0-4514-ac35-1000ac4a5c9e,Artus,2011,legacy_unknown,,,0.1
0bdaff64-fa1c-4362-b641-10037450e636,Arydia: The Paths We Dare Tread,2025,legacy_unknown,,,0.1
de94f083-027b-4017-90b7-d4c3bdc6ba8f,Asante,2013,legacy_unknown,,,0.1
c6d70cf2-1e9c-4fab-a131-c20e9fa0e23a,Asara,2010,legacy_unknown,,,0.1
f613f008-59eb-4232-9e55-5ba58daf5902,Ascending Empires,2011,legacy_unknown,,,0.1
05ac008f-5277-4d02-a2b5-50c67fa5ec1c,Ascending Empires: Zenith Edition,2024,legacy_unknown,,,0.1
b2c68d2c-8086-41b8-888e-f61e3edd142f,Ascension Tactics: Miniatures Deckbuilding Game,2022,legacy_unknown,,,0.1
4cd2ecef-c8b3-40b1-900f-ebee26d38f94,Ascension X: War of Shadows,2016,legacy_unknown,,,0.1
49a3d38e-77c7-4b6c-9ac0-a341fa449891,Ascension: 10 Year Anniversary Edition,2022,legacy_unknown,,,0.1
2ac79834-516b-4ee4-8930-956ad20e5322,Ascension: Apprentice Edition,2013,legacy_unknown,,,0.1
502d0236-034b-4621-a144-4a0ad65a5c8e,Ascension: Darkness Unleashed,2013,legacy_unknown,,,0.1
07d76803-b758-400e-bcc9-45580f0d2d1a,Ascension: Dawn of Champions,2015,legacy_unknown,,,0.1
8d10743a-80b8-4937-a294-c1e5c0394741,Ascension: Deckbuilding Game,2010,legacy_unknown,,,0.1
66b53421-ce4f-4a89-b640-1c2af04a399d,Ascension: Dreamscape,2015,legacy_unknown,,,0.1
6512af2f-b20b-4a5d-8044-a08ad26d5b9d,Ascension: Gift of the Elements,2017,legacy_unknown,,,0.1
df54f4b9-b4ca-4935-9541-f74cfd0e98be,Ascension: Immortal Heroes,2012,legacy_unknown,,,0.1
4481301f-dee8-43d9-b6eb-3f72ae0e8989,Ascension: Realms Unraveled,2014,legacy_unknown,,,0.1
0712358d-291f-492c-bc9f-d46fd3d50d19,Ascension: Return of the Fallen,2011,legacy_unknown,,,0.1
b18ec25c-c0ca-48bc-8f0c-2a12b4b7e5f5,Ascension: Rise of Vigil,2013,legacy_unknown,,,0.1
43ed8cd0-d426-4e83-9c7d-865fb275fb73,Ascension: Skulls & Sails,2019,legacy_unknown,,,0.1
2cb6640b-9c7d-469d-a3cb-c11a3e063f98,Ascension: Storm of Souls,2011,legacy_unknown,,,0.1
8253e7a3-5e10-416f-aa2f-0b82bc152164,Asgard,2012,legacy_unknown,,,0.1
aca63fc5-04bc-4922-9c3f-55c98b905d60,Ashes Reborn: Red Rains – The Corpse of Viros,2023,legacy_unknown,,,0.1
48a7004e-505b-4550-9920-b90ad23a675d,Ashes Reborn: Rise of the Phoenixborn,2015,legacy_unknown,,,0.1
fb951169-239d-4edc-a8db-b0763015d508,Asia Crossroads: The Great Game,2003,legacy_unknown,,,0.1
85c40a39-1c67-40a1-b391-b53414a5d3e4,Asian Tigers: A Story of Prosperity,2024,legacy_unknown,,,0.1
9f2d0192-d173-4b6f-854e-d192c1d3ab20,Asking for Trobils,2015,legacy_unknown,,,0.1
5a43a2f7-a8c7-475c-aa15-01baa4864ab5,ASL Action Pack #6: A Decade of War,2010,legacy_unknown,,,0.1
cfb8b873-b0ed-48d4-9713-db9715ea7f36,Assassin's Creed: Brotherhood of Venice,2021,legacy_unknown,,,0.1
5575f3bd-a972-4179-a2c0-85c36399c889,Assault on Doomrock,2014,legacy_unknown,,,0.1
64370911-9cc2-43f8-9fac-e2f7c0356fce,Assault on Hoth: The Empire Strikes Back,1988,legacy_unknown,,,0.1
4045414d-c928-41a3-b0fb-6216d3bd30a2,Assyria,2009,legacy_unknown,,,0.1
2ca4f1bc-c721-45a6-b10a-d0af7a15e39b,Asterix: Das Kartenspiel,1990,legacy_unknown,,,0.1
8a30d5ff-9e3a-48d9-ba29-b4aaaf66e2fc,Asteroid,1980,legacy_unknown,,,0.1
9fa460b9-5ca9-4da6-bd6b-b513e6ef13bd,Asteroyds,2010,legacy_unknown,,,0.1
64b5b87b-220e-480f-a255-756ed66292c1,Astra,2022,legacy_unknown,,,0.1
e3900d29-98cf-41bf-bf39-eae29f6ff4ee,Astro Knights,2023,legacy_unknown,,,0.1
9c19292e-1a70-47ea-b949-7c6952629978,Astro Knights: Eternity,2024,legacy_unknown,,,0.1
ba76b263-49e0-4fb7-adb7-0a623f70ec56,Astro Trash,2019,legacy_unknown,,,0.1
2e978b04-d5d4-4a4e-9d91-6f0fc545f343,Asymbol,2021,legacy_unknown,,,0.1
d4a53c4a-dd1b-4ea1-946d-3ae05ce77a0a,At the Gates of Loyang,2009,legacy_unknown,,,0.1
792db3af-3372-443e-8052-4e20c5d17a6c,AT-43 Initiation Set: Operation Damocles,2006,legacy_unknown,,,0.1
55271d73-4c88-45c8-837a-18b9bb2a35a3,Atacama,2013,legacy_unknown,,,0.1
e8657994-e280-477f-8241-00473c43967e,Atheneum: Mystic Library,2020,legacy_unknown,,,0.1
7da544e4-377b-4b04-ae72-4620c03f6f82,Atiwa,2022,legacy_unknown,,,0.1
726dd3a9-7652-4318-9222-e0162f01d2f7,Atlanta Campaign: The Death of Dixie,2021,legacy_unknown,,,0.1
d772e753-0a51-406e-9d56-57ef89791464,Atlanteon,1992,legacy_unknown,,,0.1
227d58d2-0880-4a7b-bc6c-7eca4036e0b4,Atlantic Chase: The Kriegsmarine Against the Home Fleet 1939-1942,2021,legacy_unknown,,,0.1
580fa738-d056-4612-8c81-9df10f645eca,Atlantic Star,2001,legacy_unknown,,,0.1
3237305a-0d69-4729-ba04-f16e680e4e2c,Atlantic Storm,1997,legacy_unknown,,,0.1
d803442e-07f6-489d-8e7e-faa7dec274f6,Atlantis,2009,legacy_unknown,,,0.1
6bd83e63-1a54-480f-8e09-4e67e7c05e16,Atlantis Rising,2012,legacy_unknown,,,0.1
a5abf402-ad4c-4554-81a8-7bc42285205e,Atlantis Rising (Second Edition),2019,legacy_unknown,,,0.1
07e1aa5b-b52f-4402-bd1f-f506329eb731,Atlas & Zeus,2004,legacy_unknown,,,0.1
72db4c8e-c0f4-4059-b93e-72db5f9094e2,Atmosfear: The Harbingers,1995,legacy_unknown,,,0.1
fd80971c-d0be-4d2c-a477-a855a95644a5,Aton,2005,legacy_unknown,,,0.1
b1e95ae7-f2e7-4e36-9479-7c60fd48ede2,Attack on Titan: Deck-Building Game,2016,legacy_unknown,,,0.1
80c0a139-0b40-4533-9292-16d5c97949b2,Attack Sub,1991,legacy_unknown,,,0.1
5574f14e-ee00-4444-aee7-99e522cde4d7,Attack Vector: Tactical,2004,legacy_unknown,,,0.1
6eac4be4-20d3-49c3-8e85-5602bcbba0ca,Attack!,2003,legacy_unknown,,,0.1
ba004c37-6e0a-49a5-93b8-7c5542ad2a06,Attacke,1993,legacy_unknown,,,0.1
1663661e-df4e-4fda-b167-bea1a8ccc0bd,Attacktix  Battle Figure Game: Marvel,2006,legacy_unknown,,,0.1
d6547f73-220a-42d8-a783-5c5d238d90d6,Attacktix Battle Figure Game: Star Wars,2005,legacy_unknown,,,0.1
49993881-8c4b-407f-94b4-3a1eee7f2f8f,Attakube,2001,legacy_unknown,,,0.1
b88c7ef6-9795-4b16-b127-748e0d015dfb,Attika,2003,legacy_unknown,,,0.1
f260b188-5856-4617-861c-2757a6f69731,Attila,2015,legacy_unknown,,,0.1
f222cfc2-3dda-4dd9-951b-3f2039ee6285,Attila,2000,legacy_unknown,,,0.1
7bb20c92-21c8-4264-bf54-adf88e5e9b54,Attribute,2002,legacy_unknown,,,0.1
6267c7f2-d4cb-4060-a645-f0687898cb15,Auf Achse,1987,legacy_unknown,,,0.1
fa9c873a-b18f-458a-9ec8-217774556f1a,Auf Achse: Das Kartenspiel,1995,legacy_unknown,,,0.1
fbe42af1-fe06-4637-a862-74a9e915e80b,Auf die Nüsse!,2012,legacy_unknown,,,0.1
6ea8ca7d-a27b-478e-8b8c-8f2dea01db48,"Auf die Palme, ihr Affen",2004,legacy_unknown,,,0.1
243713ef-6259-45be-ba49-341d10af6559,Auf Kurs,1987,legacy_unknown,,,0.1
9795e44a-6c5a-4d9c-b3ae-e7fdb7a0dfe3,Auf Teufel komm raus,2013,legacy_unknown,,,0.1
3706436b-775c-4980-9bd3-6af9ea6618d9,Augsburg 1520,2006,legacy_unknown,,,0.1
6050f70f-4983-4e5c-a864-45d4211ee0a1,Auktionshuset,2014,legacy_unknown,,,0.1
977b2b15-2bb3-4fb0-843d-26dd52d2eccf,Aurum,2023,legacy_unknown,,,0.1
55a9c26c-ea21-45a8-a8c6-e52db177dc57,Ausgefuchst!,2016,legacy_unknown,,,0.1
a8f238e8-f921-40f4-9356-b5837acbbd19,Ausgerechnet Buxtehude,2005,legacy_unknown,,,0.1
67b72c6c-f182-4695-9dab-a478585f907d,Ausonia,2021,legacy_unknown,,,0.1
ac15897f-4d6f-4daf-8407-f6b962056e0e,Austerity,2015,legacy_unknown,,,0.1
2033f098-8fd9-456a-8ce0-d4091664de30,Austerlitz,1993,legacy_unknown,,,0.1
abf4bd15-6e2a-42c0-ba41-fcc6d4439aba,Austerlitz 05,2020,legacy_unknown,,,0.1
94f1a679-80ea-422c-b9c4-def30492550c,Austerlitz 1805: Napoleon's Greatest Victory,2000,legacy_unknown,,,0.1
84c1573c-7ef3-4fab-8ba6-73ef725709b3,Austerlitz 1805: Rising Eagles,2016,legacy_unknown,,,0.1
5f2f40cc-8dd1-49dc-bd76-74758be12bdf,Austerlitz 20,2009,legacy_unknown,,,0.1
b8b030c3-e730-48d8-91c1-432d0346e2a8,Australia,2005,legacy_unknown,,,0.1
59525843-bc4c-468b-9c88-8728b9588133,Australian Games Association Game of the Year,1995,legacy_unknown,,,0.1
7b7f0b43-04c2-4f2f-abe1-e4fc5b4f57f7,Australian Games Association Game of the Year,2006,legacy_unknown,,,0.1
470a9414-1281-4a50-a55d-c729cca18d37,Australian Games Association Game of the Year,2007,legacy_unknown,,,0.1
bc128f82-e41b-4bb5-9172-cf2cd5cc23c6,Australian Rails,1994,legacy_unknown,,,0.1
5987bf15-4921-4ac9-9918-4b6d38a7fd99,Autobahn,2022,legacy_unknown,,,0.1
86ce30c9-9ba7-48fa-b94f-46267e2a7725,Automania,2015,legacy_unknown,,,0.1
640f88af-83e6-4a2a-beea-51c77dece208,Automobile,2009,legacy_unknown,,,0.1
cd533091-2092-4ac5-9a56-4c4a256ade5e,Automobiles,2016,legacy_unknown,,,0.1
f82f0bee-b0ee-40a9-bf97-f8f687d42974,AuZtralia,2018,legacy_unknown,,,0.1
2ddce16a-b17e-4a81-9bd8-62a066c95974,Avalam,1996,legacy_unknown,,,0.1
cf89d13a-33ab-46d9-aee1-b4320e0c79bb,Avalanche,1965,legacy_unknown,,,0.1
06e293a3-dddc-40af-90d9-6d437ae03abc,Avalanche: The Salerno Landings,1976,legacy_unknown,,,0.1
5f509a9e-caae-47d3-af64-321ce1212b38,Avalon,2003,legacy_unknown,,,0.1
a96f106a-c92e-4dbc-bda4-10a0ee7f4ebf,Avalon: Big Box,2022,legacy_unknown,,,0.1
52c99491-3ea8-43cd-8bef-243cf9cc544d,Avanti,2011,legacy_unknown,,,0.1
3acb0c5b-14d8-429f-b05e-6658b433a279,Avanti mare!,2000,legacy_unknown,,,0.1
b48b75e4-94ee-4a9e-bf3f-ba413bf479c9,Avatar Legends: The Roleplaying Game Core Rulebook,2022,legacy_unknown,,,0.1
1c98782f-de0e-45d3-9e28-82f69cf71c92,Ave Caesar,1989,legacy_unknown,,,0.1
d6a82b62-5ba1-416d-9cfc-f5e4fe56535e,Ave Roma,2016,legacy_unknown,,,0.1
23bfb6b0-9cda-4980-8597-96980f2a3d0d,Aventuria: Adventure Card Game,2016,legacy_unknown,,,0.1
2179797d-fae6-4362-90e2-b3ed97b1c239,Aventuria: Forest of No Return,2016,legacy_unknown,,,0.1
eaf513c9-04f1-4978-823c-0afd1974962d,Aventuria: Tears of Fire,2017,legacy_unknown,,,0.1
0e703d6e-deec-4c05-abc9-1e1fa91452fa,Avenue,2016,legacy_unknown,,,0.1
05d5063d-62c5-45ed-942d-c1c62cac7231,Avocado Smash!,2018,legacy_unknown,,,0.1
7123b448-b3cb-465d-ac78-a0ad23d6cb1c,Awimbawé,2022,legacy_unknown,,,0.1
27018342-a829-42dd-a719-9e929c96bd98,Awkward Guests 2: The Berwick Cases,2023,legacy_unknown,,,0.1
71aadca5-fb47-48cd-9ada-2ed9397f1edb,Awkward Guests: The Walton Case,2016,legacy_unknown,,,0.1
7d3a8873-6c51-49f5-b404-d60540b6ebaf,Axis & Allies,1981,legacy_unknown,,,0.1
cb0921f0-fcd4-4450-8809-99aaab53b686,Axis & Allies,2004,legacy_unknown,,,0.1
2e6bfcbb-d42a-4dcf-adfe-9b3354a13db7,Axis & Allies Anniversary Edition,2008,legacy_unknown,,,0.1
2fc0abc1-f9b1-4e96-99cb-2d968a458ce3,Axis & Allies Miniatures,2005,legacy_unknown,,,0.1
799a7456-066e-4726-afdf-23333440d863,Axis & Allies: 1942,2009,legacy_unknown,,,0.1
46e88082-410a-4e36-8c8a-1453e7a8571e,Axis & Allies: Battle of the Bulge,2006,legacy_unknown,,,0.1
22d6bba0-1201-4132-ac0b-7f996cafc2d9,Axis & Allies: D-Day,2004,legacy_unknown,,,0.1
239e429a-4fc5-4e99-b8bc-067fd1af1669,Axis & Allies: Europe,1999,legacy_unknown,,,0.1
8e91f3c1-e3d6-4229-b403-f7a557c61cc0,Axis & Allies: Europe 1940,2010,legacy_unknown,,,0.1
2c7014c5-dd02-4b44-8221-f2887420d2cb,Axis & Allies: Guadalcanal,2007,legacy_unknown,,,0.1
a333770f-2ab0-4e8b-9d41-006c3a010d56,Axis & Allies: Pacific,2001,legacy_unknown,,,0.1
b9c3e85b-9046-43e4-89a3-00d4e854d940,Axis & Allies: Pacific 1940,2009,legacy_unknown,,,0.1
fc2ab209-53b4-41d3-b7a8-40de56782ca8,Axis & Allies: War at Sea,2007,legacy_unknown,,,0.1
9a6dec1f-5de0-429d-9eff-f9191ff14ba2,Axis & Allies: WWI 1914,2013,legacy_unknown,,,0.1
f7beb18b-d2fb-4bd4-a46f-0771ad7f802e,Axis Empires: Totaler Krieg!,2011,legacy_unknown,,,0.1
fea84e8b-c458-4c09-bab1-700e0a3dc340,Aya,1992,legacy_unknown,,,0.1
986d8a21-0aaf-4fe0-be85-47df14e36903,Ayar: Children of the Sun,2025,legacy_unknown,,,0.1
781fac33-f4f7-4e1e-b44b-cfc072bdb98a,Ayuda a Joe,2022,legacy_unknown,,,0.1
d1a08425-96ef-45ca-8ace-019251b7f15b,Azhanti High Lightning,1980,legacy_unknown,,,0.1
134a8899-91eb-4eb1-8afc-23fc3701bf9e,Aztack,2014,legacy_unknown,,,0.1
6af9cd24-9ab9-49b9-9c9d-443bce7f7a22,Aztec,1995,legacy_unknown,,,0.1
662bf729-9d64-4ebf-854d-af6c0cd37610,Azul,2017,legacy_unknown,,,0.1
3daf199d-c09c-4a49-add4-e7358e5bb8a8,Azul Duel,2025,legacy_unknown,,,0.1
24d992a2-2f46-4924-87d9-2d045dd6145b,Azul: Master Chocolatier,2022,legacy_unknown,,,0.1
c4c80b64-b299-40b0-a36d-e38c0d953e76,Azul: Queen's Garden,2021,legacy_unknown,,,0.1
89427bb9-f6a2-4780-8097-1b5d707ee631,Azul: Stained Glass of Sintra,2018,legacy_unknown,,,0.1
28590992-f943-49b5-8726-5fa943d562bd,Azul: Summer Pavilion,2019,legacy_unknown,,,0.1
36bd90e9-08df-4f0f-89c7-ba7633f9bb7a,B-17 Bomber Squadron: A Solitaire Game of the WWII Daylight Bombing Campaign over Europe.,2014,legacy_unknown,,,0.1
11a8cb93-93e3-442e-b508-643e669674d9,B-17 Flying Fortress Leader,2017,legacy_unknown,,,0.1
88075246-0c43-423e-a4bd-a35f0f179341,B-17: Queen of the Skies,1981,legacy_unknown,,,0.1
e60414d6-c2df-4733-ad53-19dd09441339,B.E.L.O.W.: The Asylum,2026,legacy_unknown,,,0.1
88251aca-705d-482c-b52e-1ccb15a5eb3c,Babel,2000,legacy_unknown,,,0.1
a2b66d7b-e24e-4898-a65f-9a0bee27fa4f,Babylon,2024,legacy_unknown,,,0.1
dce1cedf-6f67-4cbd-9381-58b463769ce3,Babylon 5 Collectible Card Game,1997,legacy_unknown,,,0.1
4a55b478-676c-4b19-9cf2-2b422abee21c,Babylon Gardens,2014,legacy_unknown,,,0.1
a7abcec6-2dbc-4adc-a6ff-a4de0db396cb,Babylonia,2019,legacy_unknown,,,0.1
c39ec69d-e03f-4b66-a88e-9331c58194f1,Back to Iraq,1993,legacy_unknown,,,0.1
bdfd7675-aa51-4f1c-8841-11f1f0e287a9,Back to Iraq (Third Edition),2001,legacy_unknown,,,0.1
9a9b3a8f-04a6-47ae-9968-60434e556eaf,Back to the Future: Back in Time,2020,legacy_unknown,,,0.1
e6f876c3-8264-4c58-816e-ab60cae2e0f9,Back to the Future: Dice Through Time,2020,legacy_unknown,,,0.1
d5f809e8-662b-4174-8a06-56ca2c1672e8,Back to the Future: The Card Game,2010,legacy_unknown,,,0.1
3e9fe3a9-499b-40d2-bac9-f9b3435462f9,Backgammon,-3000,legacy_unknown,,,0.1
be233fb9-6fa4-4f3d-843c-fb640c5fc047,Bacon,2024,legacy_unknown,,,0.1
3cd4f002-82e7-4198-a4f3-20b45fdb3fab,Bad Bones,2019,legacy_unknown,,,0.1
dc4548f5-6777-4864-9bc0-e92face0c19f,Bad Bunnies,2015,legacy_unknown,,,0.1
8ecbeae9-5517-43a4-a242-bf50bb2d1761,Bad Company,2021,legacy_unknown,,,0.1
475212e2-9740-4c1f-8d4a-c611fd3f95cf,Bad Doctor,2018,legacy_unknown,,,0.1
c8bcd947-b7e5-4ee6-bc94-e1f7361871f1,Bad Medicine,,legacy_unknown,,,0.1
642c2247-5e67-42e2-be30-faae698e206d,Bag of Chips,2021,legacy_unknown,,,0.1
817c3e9f-ab96-49ae-9260-d0d996cd980b,Bailiwick,1994,legacy_unknown,,,0.1
211a3c71-b90f-41e6-b697-3e4704e29972,Bakari,2002,legacy_unknown,,,0.1
d4aeef9a-9b69-40d6-83d6-09ff1a3a02c4,Bakong,2009,legacy_unknown,,,0.1
c0c41d12-bdc5-4c9a-af54-d45aa56c717e,Balamari,2014,legacy_unknown,,,0.1
470df69c-2e22-46d4-a2a8-fc504cf30ad8,Balderdash,1984,legacy_unknown,,,0.1
d876e856-2bae-478d-bfb4-049e514f092b,Bali,2001,legacy_unknown,,,0.1
636b2d5d-c798-4aed-b6a6-b1325db81160,Balkan Hell,1995,legacy_unknown,,,0.1
2193d7d2-6cb8-4589-ac17-d66e8f829402,BallCube,2007,legacy_unknown,,,0.1
5097a8d4-a1ae-4914-9851-44bff74be548,Ballons,2003,legacy_unknown,,,0.1
a141df77-a9db-4cfa-8716-541208edb9ad,Balloon Cup,2003,legacy_unknown,,,0.1
47c0d758-4c54-4537-a859-e51ea02ae5ff,Balloon Pop,2023,legacy_unknown,,,0.1
460bab2f-3bdb-464b-8130-3011f1ad1a70,Baltimore & Ohio,2009,legacy_unknown,,,0.1
ae190fb2-38d1-486e-8ff3-e21a6e69e75c,Bamboleo,1996,legacy_unknown,,,0.1
5c138c15-8875-4359-a2ef-6722def64e1e,Bamboo,2023,legacy_unknown,,,0.1
31874ddf-c3ff-4b63-83cb-ad7beaa1d280,Bamses honungs-jakt,,legacy_unknown,,,0.1
d7f06307-4532-45ee-aff7-660d8a91970f,Banana Jump,2011,legacy_unknown,,,0.1
cf91f5d6-b386-4600-90d1-b42b542c4e26,Banana Matcho,2012,legacy_unknown,,,0.1
9fea2589-c9b0-4eee-9264-b2a1edac6067,Banana Republic,1993,legacy_unknown,,,0.1
878972f2-826a-434f-8c08-1e7596be5aa3,Banana Wars: US Intervention in the Caribbean 1897-1933,2020,legacy_unknown,,,0.1
3b9032d8-7658-4bf7-846e-73811ee79d93,Bananagrams,2006,legacy_unknown,,,0.1
aa4b4980-d5e7-47d1-85a2-f0557b82ab84,Bananya: The Card Game,2023,legacy_unknown,,,0.1
5b97c62c-e8c5-4035-975c-1a16648f4e55,Band of Brothers: Ghost Panzer,2013,legacy_unknown,,,0.1
f1494675-b257-485d-94dd-6b589122e711,Band of Brothers: Screaming Eagles,2011,legacy_unknown,,,0.1
9fc8d884-dbb9-4771-b51a-eb7ecc879ac8,Banda pand i kawałki bambusa,2024,legacy_unknown,,,0.1
e6821997-94bf-4a66-b088-c8687a8015e2,Bandida,2020,legacy_unknown,,,0.1
3c41b280-d7dd-43ed-aabc-a2e7c8ad1725,Bandido,2016,legacy_unknown,,,0.1
d6938e71-4315-4ec3-86ac-11f793951bef,Banditti,2020,legacy_unknown,,,0.1
09b66cdb-8018-4f1e-81f5-ce216d209cbe,Bandu,1987,legacy_unknown,,,0.1
0c41eaca-697b-4f75-b000-6171c416ab8b,BANG!,2002,legacy_unknown,,,0.1
642be6a5-165d-4bcc-a8b2-aa86e15fe7c5,BANG! The Bullet!,2007,legacy_unknown,,,0.1
90fdd1fb-fd43-4fd8-8757-30264332499e,BANG! The Dice Game,2013,legacy_unknown,,,0.1
e9e38b71-bd39-4582-89f9-ad3c39779ef7,BANG! The Duel,2015,legacy_unknown,,,0.1
8dcd2bf4-af80-40b7-a697-8c6945ceb4a1,Bangarang,2024,legacy_unknown,,,0.1
7afe7202-88aa-4138-b876-a383095d8d40,Banish the Snakes: A Game of St. Patrick in Ireland,2023,legacy_unknown,,,0.1
27b9c47c-7aa5-4226-a119-c3255e7b61e0,Banjooli Xeet,2013,legacy_unknown,,,0.1
3459c5a8-6c4b-44cf-8364-cfdc01e88e4f,Baobab,2012,legacy_unknown,,,0.1
e2339983-49b4-42c5-b5fe-1e0efc2f3e44,Baptism By Fire: The Battle of Kasserine,2017,legacy_unknown,,,0.1
c3226ac9-12e7-40c5-9e39-6a03a4ede7b1,Bar-Lev: The Yom-Kippur War of 1973,1974,legacy_unknown,,,0.1
15b04bc4-89b2-4a47-bcae-e229ba8ce50d,Barbarian Prince,1981,legacy_unknown,,,0.1
e2c1a6e9-d693-4d00-9d7b-12c4b09e76cd,Barbarians at the Gates: The Decline and Fall of the Western Roman Empire 337 - 476,2022,legacy_unknown,,,0.1
5ac82e96-94ae-4ab9-89af-76ba2986e428,Barbarians: The Invasion,2018,legacy_unknown,,,0.1
20d6e3af-5ae2-428a-ab04-b66b22106191,Barbarossa,2010,legacy_unknown,,,0.1
bdc379c4-4ee2-4125-9e45-ea950799faff,Barbarossa,1988,legacy_unknown,,,0.1
86b140c3-f3ce-4834-a08a-c35f1c4e5a7b,"Barbarossa: Army Group Center, 1941",1998,legacy_unknown,,,0.1
011436a1-883a-4284-9989-c949fa26938c,"Barbarossa: Army Group North, 1941",2000,legacy_unknown,,,0.1
8f58e745-a669-4353-abbe-73ef58785782,"Barbarossa: Army Group South, 1941",1996,legacy_unknown,,,0.1
4524edc2-539b-4ddb-9f0c-5daf7df1b508,Barbarossa: Crimea,2010,legacy_unknown,,,0.1
db1360b2-3bc8-4ba4-83d9-15e0ed6b8eb6,Barcelona,2023,legacy_unknown,,,0.1
e3f03ad3-e278-4dd4-a669-da0337eafe19,Bardsung,2022,legacy_unknown,,,0.1
a59ea45e-9af7-41d6-a584-6e2911b2e3cd,Bardwood Grove,2024,legacy_unknown,,,0.1
47d0482e-9c51-4713-8128-8cbccc4b3b43,Bärenpark,2017,legacy_unknown,,,0.1
c43c01cb-8bb6-4979-aad2-8ac083d58ab8,Bärenspiel,,legacy_unknown,,,0.1
14712349-6520-4cc1-abed-3acf10961bf1,Bargain Basement Bathysphere,2022,legacy_unknown,,,0.1
98ddc7ae-c598-4b91-913d-94a59686dd72,Bargain Hunter,1998,legacy_unknown,,,0.1
dbf9deea-ff65-46e8-b043-627431a7531d,Bargain Quest,2017,legacy_unknown,,,0.1
981c1ecc-1c67-4ad5-aa34-9408bb758d8a,Barnen i Bullerbyn,1987,legacy_unknown,,,0.1
852868c8-19e9-49d2-bcbf-17868100dae8,Barnyard Buddies,1996,legacy_unknown,,,0.1
87504ce0-ec86-43bd-9020-f44ba92e1c50,Barnyard Bunch,2019,legacy_unknown,,,0.1
eba73dbc-a278-4b68-857d-0aa8c1ac6d29,Barony,2015,legacy_unknown,,,0.1
5018eeee-48e6-4861-a4ce-4d4cb926eb03,Barrage,2019,legacy_unknown,,,0.1
994339d6-2ca5-4677-818e-763f8b80a9b4,Barragoon,2014,legacy_unknown,,,0.1
c802c9b6-a0d9-400e-80ca-2193022b9aa0,Basari,1998,legacy_unknown,,,0.1
e6af053a-0245-4fe7-8b8c-e25c83f38a84,Basari: Das Kartenspiel,2014,legacy_unknown,,,0.1
cd4952e0-0d26-45bf-b1de-0e4475f6e0c0,Baseball Highlights: 2045,2015,legacy_unknown,,,0.1
d784a814-a259-4711-9d8f-04bba56aeb1c,Bastard,,legacy_unknown,,,0.1
fa474af4-183f-4f24-9d21-a49f4b4d9b37,Bastille,2018,legacy_unknown,,,0.1
f309d295-24e3-4210-88f3-7951adb0d412,Batavia,2008,legacy_unknown,,,0.1
2948c101-31c2-4012-a24b-3dd2eaaeb4f1,Batik,1997,legacy_unknown,,,0.1
a76e73f9-4d85-44cb-8968-52ea04179e84,Batman Fluxx,2015,legacy_unknown,,,0.1
2373ed73-8d04-42a4-a962-b07e1433ef1d,Batman: Gotham City Chronicles,2019,legacy_unknown,,,0.1
c657b1ad-bc46-4388-a8c9-6bea57e818a1,Batman: The Animated Series – Gotham City Under Siege,2018,legacy_unknown,,,0.1
a66ffa35-c024-4280-83e9-53a9c2b59761,Batman: The Animated Series Adventures – Shadow of the Bat,2021,legacy_unknown,,,0.1
b2bec5ba-11ef-4510-a072-ac5e5bc3b802,Batman: The Dark Knight Returns – The Game,2022,legacy_unknown,,,0.1
256d7d8f-21d9-4291-ae5a-5f3e2d4925ce,BATTALIA: The Creation,2015,legacy_unknown,,,0.1
f6fb40f1-087c-4680-8282-a2b6770c0a67,Battle Above the Clouds,2010,legacy_unknown,,,0.1
56f2ed07-ece1-46e3-b706-bdb67e72a111,Battle Card: Series 1,2023,legacy_unknown,,,0.1
2aeab8a7-4ef9-4976-aa6c-0a9ed823d7df,Battle Cry,1999,legacy_unknown,,,0.1
7aa7030d-00c6-4135-90f9-5ac52b1dda06,Battle Cry: 150th Civil War Anniversary Edition,2010,legacy_unknown,,,0.1
e708bf78-f227-4f12-bed1-3cf1eaacf833,"Battle for Galicia, 1914",2006,legacy_unknown,,,0.1
06b5e92c-4b51-4f1a-af0a-aeb4286eec07,Battle for Germany,1975,legacy_unknown,,,0.1
2de21397-ea54-4028-b7d5-8af60b01e3db,"Battle for Kursk: The Tigers Are Burning, 1943",2020,legacy_unknown,,,0.1
626a4a65-e442-4708-9307-bc9fbe254321,Battle for Moscow,1986,legacy_unknown,,,0.1
3ee729e0-5027-47b5-a9da-0d7cd28e67bc,Battle for Rokugan,2017,legacy_unknown,,,0.1
246362aa-e33b-4a32-bf47-ca90f30f2d96,Battle For Souls,2013,legacy_unknown,,,0.1
93496aec-42e9-45ee-a974-f02071261d84,Battle Line,2000,legacy_unknown,,,0.1
8701cf82-2f9b-4e07-9c73-ffd3b51e4a18,Battle Line: Medieval,2017,legacy_unknown,,,0.1
e524c2fd-f4c0-4f51-89b1-a1140e46e7ec,Battle Masters,1992,legacy_unknown,,,0.1
804308f1-c85b-4f4a-aee0-58bf15b363b1,Battle of Buena Vista,1996,legacy_unknown,,,0.1
f5e99a67-c9a0-4057-a2a3-8e3ed526d68c,Battle of the Bulge,1991,legacy_unknown,,,0.1
3bc4de74-7753-47c9-92c9-dc3000fa436c,Battle Scenes,2013,legacy_unknown,,,0.1
0bf86568-07b2-4215-aac4-e653b1c464bc,Battle Sheep,2010,legacy_unknown,,,0.1
1817c625-f4e8-48ad-9240-05fc110d0210,Battleball,2003,legacy_unknown,,,0.1
52b25d6a-e258-42e6-9e00-1738615484d3,BattleCON: Devastation of Indines,2013,legacy_unknown,,,0.1
d947cd25-2c62-4336-841d-3da83bf71567,BattleCON: Trials of Indines,2016,legacy_unknown,,,0.1
e775a771-0255-47bc-b04a-17867a0aadf6,BattleCON: War of Indines,2012,legacy_unknown,,,0.1
e7c9ab53-b510-4fc0-9d65-6aba4329815e,Battlefleet Gothic,1999,legacy_unknown,,,0.1
dcfda606-adca-405a-89ce-0eef77d138b1,BattleForge: Berserker,2026,legacy_unknown,,,0.1
fa501482-234f-423a-a4bd-718ca07b92fa,Battleground,2005,legacy_unknown,,,0.1
45f1f346-aaa7-4683-8cbe-3aa40d62e5e2,Battleground: Crossbows & Catapults,2007,legacy_unknown,,,0.1
6aac6006-6341-432b-a725-101f1dd1d8fd,Battlegroup: Barbarossa,2014,legacy_unknown,,,0.1
83482fd7-e8fb-4517-bdef-235cfaa6d33f,BattleLore,2006,legacy_unknown,,,0.1
11b128c6-cfea-4bf8-8557-87ca11c0f8df,BattleLore: Second Edition,2013,legacy_unknown,,,0.1
b8425f86-b189-4004-b88a-2760bbb77369,Battles for the Pacific,2019,legacy_unknown,,,0.1
d955a12a-4c91-4968-a121-45dbe8cfa891,Battles of 1866: Frontier Battles,2012,legacy_unknown,,,0.1
78b57b07-05ae-4fc3-ab9a-2162d4863ef9,Battles of Medieval Britain: A Solitaire Wargame,2022,legacy_unknown,,,0.1
d00775e8-0b3f-4356-aa7f-b57a0a74eb9a,Battles of Napoleon: The Eagle and the Lion,2010,legacy_unknown,,,0.1
0284683c-945e-49fb-bc6b-8d6657eb35ac,"Battles of the American Revolution Tri-pack: Guilford, Saratoga, Brandywine",2017,legacy_unknown,,,0.1
3b33990c-689a-4348-9051-29e6adcdb543,Battles of Westeros,2010,legacy_unknown,,,0.1
dfba2824-925c-42ff-bac1-e785dedfa916,Battleship,1931,legacy_unknown,,,0.1
057d93bb-d74f-4034-8f91-0638a69a39d0,Battleship Galaxies,2011,legacy_unknown,,,0.1
689c176a-7324-4773-8876-49ec65b2db39,Battlestar Galactica,2002,legacy_unknown,,,0.1
292075be-95b4-4e68-908c-9a15ededf598,Battlestar Galactica: Starship Battles – Starter Set,2018,legacy_unknown,,,0.1
b98c87b5-a755-49f5-a99d-f1ec436b54ed,Battlestar Galactica: Starship Battles – Viper MK VII (Pegasus),2019,legacy_unknown,,,0.1
768f6b34-7ee7-4fc6-8d0c-73cf1025cb54,Battlestar Galactica: The Board Game,2008,legacy_unknown,,,0.1
f1ea8d91-6145-4245-976e-fbb77c04c609,Battlestar Galactica: The Board Game – Daybreak Expansion,2013,legacy_unknown,,,0.1
528cc9d5-dea9-4296-a2e3-7da6ba3e43c7,Battlestar Galactica: The Board Game – Pegasus Expansion,2009,legacy_unknown,,,0.1
5c6962a5-44c8-4456-8a94-bcc46678cffc,Battlestations,2004,legacy_unknown,,,0.1
e8fbb416-93a7-4f86-9ae3-51af78d8d858,Battlestations: Second Edition,2017,legacy_unknown,,,0.1
c793f620-8c1a-4ac9-b968-c0ec2dc04bde,BattleTech,1985,legacy_unknown,,,0.1
31ddecbe-4591-4e59-b9cf-dcfd51d4370b,BattleTech: A Game of Armored Combat,2019,legacy_unknown,,,0.1
f3ffa672-73cc-4c50-8310-0af53dbf92ac,BattleTech: Alpha Strike,2013,legacy_unknown,,,0.1
0b73f6ee-19e7-46ce-8cd9-e5e8590c5af2,BattleTech: Alpha Strike Companion,2014,legacy_unknown,,,0.1
9b540ade-ce51-47e2-ac57-4b6d8f9c4ccd,BattleTech: Introductory Box Set,2002,legacy_unknown,,,0.1
435cf342-7312-4bb5-b5f8-2e667f28dab3,BattleTech: Strategic Operations – Advanced Aerospace Rules,2008,legacy_unknown,,,0.1
bfc4d7f3-0739-4bcc-a61c-3b4b217d0044,BattleTech: Tactical Operations,2008,legacy_unknown,,,0.1
f3fb629e-1ea1-46f0-a81e-6f80e5ae9c96,Baubylon,1981,legacy_unknown,,,0.1
f62ef196-7782-4429-9440-6a3e06597297,Bauernschlau,1991,legacy_unknown,,,0.1
f980750d-4e52-4738-85ae-522d70017db1,Bauhaus,2013,legacy_unknown,,,0.1
60ae0e7e-0174-4f20-b079-82f2ab0137ac,Bayonets & Tomahawks,2021,legacy_unknown,,,0.1
5c8d1e08-a77e-4303-a46c-9ee5c6e7021e,Bazaar,1967,legacy_unknown,,,0.1
eddc99f8-2893-41bd-bab6-13ce77e3bca7,Beacon Patrol,2023,legacy_unknown,,,0.1
912ee3c8-6dfe-4634-8e4c-6b014aea8c51,Bear Down!,2019,legacy_unknown,,,0.1
0b39d49d-a018-44d7-bed7-3638dae5fe6f,Bear Raid,2022,legacy_unknown,,,0.1
c1ec3add-c125-47b4-8357-698abcf231cc,Bears!,2011,legacy_unknown,,,0.1
c4daf65e-80f5-479f-8a12-4cba71f182b6,Beast,2023,legacy_unknown,,,0.1
646bb6bc-2118-4047-9aa4-85faf2128290,Beasts of Balance,2016,legacy_unknown,,,0.1
f144bdee-2bda-4014-8ce2-36422b57ec3a,Beasty Bar,2014,legacy_unknown,,,0.1
879ae327-cd44-4e40-8ae6-3d973bfd2feb,Beasty Bar: New Beasts in Town,2015,legacy_unknown,,,0.1
42c66bb8-282a-4115-8f25-3c98be7e96ff,Beat That!,2019,legacy_unknown,,,0.1
e4b67034-b3bf-43c1-8f33-2b936d6be855,Beda Fomm,2010,legacy_unknown,,,0.1
e57a3c9b-7615-4ff0-b79b-bd0ab3f44c60,Bee Alert,2012,legacy_unknown,,,0.1
7d953ccf-c75f-45a2-9211-a4640b376bdb,Beep! Beep!,2008,legacy_unknown,,,0.1
3bb8f181-7d3e-432e-8374-0aa0eec009b1,Beer & Bread,2022,legacy_unknown,,,0.1
02204d4b-f6b4-467b-a329-d306544478a4,Beeren klau'n mit Schnabelgrün,2012,legacy_unknown,,,0.1
af814c3c-32cf-45f0-8bda-66bf6db3431d,Beethupferl,2023,legacy_unknown,,,0.1
30d90a11-a014-46b7-9180-20d9ecef12ab,Beetlez,2005,legacy_unknown,,,0.1
da6e5511-8bec-46b5-913a-dd21e79b494c,Beez,2020,legacy_unknown,,,0.1
de622d2b-2091-4e9b-9788-02e8c25c5a19,Before After,2025,legacy_unknown,,,0.1
79ed9c4c-912d-44b3-89d8-85cb5b1cc896,Before the Wind,2007,legacy_unknown,,,0.1
cdbc333b-66b1-4544-84ff-535771917598,Behind,,legacy_unknown,,,0.1
7c545a54-7ac4-403c-bcfd-805b84a314bf,Bejeweled,2013,legacy_unknown,,,0.1
83fac7f2-53b5-4b72-b5b5-26b195a153ca,Belfort,2011,legacy_unknown,,,0.1
dc023158-91d5-46ad-a09f-f00879444da9,Belisarius: The Byzantine Empire Strikes,2002,legacy_unknown,,,0.1
0be90c6b-e9ff-4f86-9bc3-8f63bae1feae,Bello,2007,legacy_unknown,,,0.1
988ebfd9-1d1c-427f-a408-881fb1498d91,Bellum Magica,2021,legacy_unknown,,,0.1
f2c311a1-2f1e-41c0-bf19-d54ce3c915b1,Bellz!,2014,legacy_unknown,,,0.1
97fe36a3-0926-42a9-a5fd-02454ef0b55d,Belratti,2018,legacy_unknown,,,0.1
ae3bdb18-a93e-4d26-a4c9-5337d3af3e32,Bende op de boerderij,2022,legacy_unknown,,,0.1
448de78b-6ee7-4eaa-a6d5-d04c9ad5a425,Bennis bunte Blumen,2013,legacy_unknown,,,0.1
19e26980-f5f9-4471-bd8b-ad2864682937,Beowulf: The Legend,2005,legacy_unknown,,,0.1
9d251e0d-b809-4fae-a4a8-6a8a26d3aa79,Beowulf: The Movie Board Game,2007,legacy_unknown,,,0.1
a34f6c59-1f14-44fe-ba8a-eeb69af8b8b1,Beppo der Bock,2007,legacy_unknown,,,0.1
33bf2901-d937-4c99-b445-c15b7a45494a,Berlin '45: The Nightmare Ends,1992,legacy_unknown,,,0.1
68af3427-2b66-432a-ae48-cbfdd11640d5,Berlin '85: The Enemy at the Gates,1980,legacy_unknown,,,0.1
51c83062-8d9b-4895-8361-4ec8a6c6dafc,Bermuda,2015,legacy_unknown,,,0.1
82a0150d-4aff-40f3-9e85-482d6676f351,Bermuda Pirates,2019,legacy_unknown,,,0.1
058b82a4-a081-463d-a9cf-c1fb4fb59b34,Bermuda Triangle,1975,legacy_unknown,,,0.1
1d2dffbf-3571-4bd8-94f4-cd83117617ae,Bernini Mysterie,,legacy_unknown,,,0.1
677dfaa0-2986-4871-af59-10e66545ccab,Berserker,1982,legacy_unknown,,,0.1
09e1bf45-d3cf-4a91-acab-e6ddbd3154a2,Best Historical Miniatures Rules Or Expansion,,legacy_unknown,,,0.1
1103b43b-c971-49e0-b08b-d8fd76bf86a3,Best Historical Miniatures Rules Or Expansion,2011,legacy_unknown,,,0.1
e7ad0d0d-0aec-4dfa-9d2f-378796653b6c,Best Historical Miniatures Rules Or Expansion,2011,legacy_unknown,,,0.1
8a9cf851-f340-42ab-b1d9-c450345b5c66,Best Historical Miniatures Rules Or Expansion,2011,legacy_unknown,,,0.1
ff43fe7c-bb2c-4399-b5df-7e2a6d502798,Best Treehouse Ever,2015,legacy_unknown,,,0.1
9f0729ce-eff9-4e4f-b727-7040b12bb1ae,Bet Your Brain,2008,legacy_unknown,,,0.1
d0228f9d-b82d-44ef-a1c5-6c70d10104dd,Betrayal at Baldur's Gate,2017,legacy_unknown,,,0.1
f054a925-0411-4db2-b93f-5f3d02ed9284,Betrayal at House on the Hill,2004,legacy_unknown,,,0.1
93af45e6-0618-4585-9f48-dc30c4e51270,Betrayal at House on the Hill: 3rd Edition,2022,legacy_unknown,,,0.1
4e3b596c-cfb3-4c1b-9904-859badbadae2,Betrayal at House on the Hill: Widow's Walk,2016,legacy_unknown,,,0.1
1be35f1b-57bd-49f8-a9ac-4d55e1959d01,Betrayal Legacy,2018,legacy_unknown,,,0.1
9eef760d-6654-4032-8379-ec1c755aec34,Between Two Castles of Mad King Ludwig,2018,legacy_unknown,,,0.1
2714187a-b72b-409f-84f4-407ef99551cb,Between Two Cities,2015,legacy_unknown,,,0.1
a4542c2b-979a-4170-9b11-90d1f91aefc8,Between Two Cities Essential Edition,2022,legacy_unknown,,,0.1
2a6f834b-d4cf-45b6-a7df-4a624462e892,Between Two Cities: Capitals,2017,legacy_unknown,,,0.1
966a6260-3df6-4b10-8dec-f9747eb0c6f8,Beyond Baker Street,2016,legacy_unknown,,,0.1
d81cbaaf-b6b3-40e1-9d1e-10a88608c1e1,Beyond Balderdash,1993,legacy_unknown,,,0.1
87e16bc8-3c03-4198-a25c-6548fbaef114,Beyond the Beaches: ASL Starter Kit Bonus Pack #1,2009,legacy_unknown,,,0.1
5de6d807-f051-429d-8693-8a742e704759,Beyond the Horizon,2024,legacy_unknown,,,0.1
41684a6a-2e1f-4b21-aa3e-21ae3123e517,Beyond the Sun,2020,legacy_unknown,,,0.1
56461178-8f37-40c8-8c78-964cd4db09d5,Beyond the Sun: Leaders of the New Dawn,2023,legacy_unknown,,,0.1
10fc4cc1-101b-4619-b75f-32c230977d82,Beyond Waterloo,2012,legacy_unknown,,,0.1
7c0f1ab3-13c1-4bcd-a01a-96020bcfad11,Bezzerwizzer,2007,legacy_unknown,,,0.1
4ffbcddb-43de-441e-af7a-9c0abe85d4e8,Bezzerwizzer +,2009,legacy_unknown,,,0.1
f127595b-ddc3-4676-8d71-23e216dcad69,Bezzerwizzer Familie,2016,legacy_unknown,,,0.1
3a27a0db-50cc-4b49-afb6-4a4a2c1a2709,Bezzerwizzer Ord,2020,legacy_unknown,,,0.1
a8fddc92-6616-4dda-b810-0e3acc891d6e,Bezzerwizzer Timeline,2021,legacy_unknown,,,0.1
b14b9bb4-12e0-42d2-b5fa-86b700771669,Bezzerwizzer+ adult,2010,legacy_unknown,,,0.1
d2072a52-ce3d-4a76-ad35-ad5ce73f94d5,Biafra!,2007,legacy_unknown,,,0.1
ab0f78f7-8557-4fa4-a192-e6ef308dbc26,Biblios,2007,legacy_unknown,,,0.1
7f2fa2e5-d941-4154-983c-5e84838ae9a0,Bier Pioniere,2023,legacy_unknown,,,0.1
c8f117ea-7e81-4ab6-b8ed-5a671542be1c,Big Boggle,1979,legacy_unknown,,,0.1
d55f44b8-8b31-4e3e-b1cc-3a709d81f74a,Big Boss,1994,legacy_unknown,,,0.1
95597ed0-eae5-4262-acd7-563d82dd4f03,Big City,1999,legacy_unknown,,,0.1
e08923d9-cb17-438b-90c4-e0b173a36882,Big Monster,2018,legacy_unknown,,,0.1
c336cd1d-fd6f-4d41-af06-9dd183f293c9,Big Points,2008,legacy_unknown,,,0.1
4075af33-a77d-46b6-9ca9-9aff0462beb9,Big Shot,2001,legacy_unknown,,,0.1
1f17cc75-06e8-482d-a0e7-f4905a6144e8,Big Top,2023,legacy_unknown,,,0.1
537e90a1-3ecb-4da2-987e-4a791f84fb5c,Big Trouble in Little China: The Game,2018,legacy_unknown,,,0.1
88772ff6-7dad-4d53-96c7-fd585c8caed1,Billabong,1992,legacy_unknown,,,0.1
be16780a-9d3d-402c-83c1-b5bcbbde6cc2,Bim Bamm!,2012,legacy_unknown,,,0.1
379320ee-c024-41dc-a56b-47dfa35ca77d,Bindle Rails,2008,legacy_unknown,,,0.1
3c9fac4e-11e2-4329-bde1-bb1945fe1f03,Bingory,2007,legacy_unknown,,,0.1
b3329c8f-502f-444e-8635-6671a09689d7,Biome,2024,legacy_unknown,,,0.1
f86a3bb7-222f-4ba5-91f7-484460e15221,Biomos,2023,legacy_unknown,,,0.1
02be196c-6779-483c-a0c6-98ef27235c99,Bios: Genesis,2016,legacy_unknown,,,0.1
1f669f3b-56f3-45da-93b7-1db8487eb9c8,Bios: Megafauna,2011,legacy_unknown,,,0.1
11ef9233-99e8-4ef0-966b-ad5bc09dc4f6,Bios: Megafauna (Second Edition),2017,legacy_unknown,,,0.1
3fb8c873-add9-4c28-99da-99789368a52c,Bios: Origins (Second Edition),2019,legacy_unknown,,,0.1
582c8349-e913-453a-9a36-6d4518c98da4,BioShock Infinite: The Siege of Columbia,2013,legacy_unknown,,,0.1
3743897e-b2d1-4487-bc0e-09b10d96c331,Biosphere,2017,legacy_unknown,,,0.1
55c4c07c-eadc-44db-8586-875a91840733,Biotopia,2021,legacy_unknown,,,0.1
dbaf93af-516b-47c3-b5e5-1931745866bb,Birds of Prey: Air Combat in the Jet Age,2008,legacy_unknown,,,0.1
9a93e638-523f-4673-9dbb-ba9323928030,Birdscaping,2022,legacy_unknown,,,0.1
d7480e8b-b330-4c12-83a1-feaa79d45f4a,Birdwatcher,2022,legacy_unknown,,,0.1
b913990c-be13-44b7-b0b0-40bc38696be5,Birth of a Legend: Lee and the Seven Days,2011,legacy_unknown,,,0.1
5effd239-31a7-4aaa-9d66-351118627c81,Bison: Thunder on the Prairie,2006,legacy_unknown,,,0.1
6a6426c5-4684-4b89-9f7a-146a46fe8572,Biss 20,2020,legacy_unknown,,,0.1
f31d8d1c-79aa-4f68-a8b9-d7d34a4733bd,Bites,2020,legacy_unknown,,,0.1
5a2ee435-e47b-4771-a623-64f115d7c314,Bitoku,2021,legacy_unknown,,,0.1
d407a120-ca83-4f75-af4e-53b55c98d980,Bitoku: Resutoran,2023,legacy_unknown,,,0.1
8c1130b0-2f23-4c6f-9d9c-553f08dcf85a,BITS,2011,legacy_unknown,,,0.1
8a25df80-179e-494e-8c51-bd46ca57b4b8,Bitter Victory,2006,legacy_unknown,,,0.1
ee4387d3-12f1-496f-b397-641216c9f384,Bitter Woods: The Battle of the Bulge,1998,legacy_unknown,,,0.1
3d158c91-7a4d-4b76-be67-e23f69c58861,"Bittereinder: The Second Anglo-Boer War, 1899-1902",2000,legacy_unknown,,,0.1
098ef3f4-08c8-4c6e-ada9-4eb9be820fef,Bizaroïd,2011,legacy_unknown,,,0.1
38d31287-467f-4204-a9ca-50487e3add63,Bizarre Bazaar,2019,legacy_unknown,,,0.1
aba4f6ac-6490-4d60-a8d0-ea17d8df4ca4,Black Angel,2019,legacy_unknown,,,0.1
ba779f49-b568-423e-a7ca-2000ab565e44,Black Box,1977,legacy_unknown,,,0.1
15952041-20fc-46b1-af75-d529d973dec3,Black Fleet,2014,legacy_unknown,,,0.1
4563892a-3718-44a4-bb12-a6a4dfffc064,Black Forest,2024,legacy_unknown,,,0.1
e0a0d889-f141-4c9a-8e86-dcb12eb13ba4,Black Friday,2010,legacy_unknown,,,0.1
cfa2a230-9011-45bf-a2b2-328611356471,Black Gold,2011,legacy_unknown,,,0.1
e2b1285b-7efa-4965-aee8-da24308c085e,Black Orchestra,2016,legacy_unknown,,,0.1
c1481bb9-720b-42d1-ba17-b2a57a4176ed,Black Panthers: A Panzer Grenadier Book,2021,legacy_unknown,,,0.1
24fbd63f-a2c5-48c9-af07-66f8c3673dee,Black Rose Wars,2019,legacy_unknown,,,0.1
abd18a23-dcc9-429e-96cf-e700c2c706b7,Black Rose Wars: Duel – Lex,2023,legacy_unknown,,,0.1
6cb4944e-6c79-4550-b794-f627dcf35379,Black Rose Wars: Rebirth,2023,legacy_unknown,,,0.1
7726a9d7-30b6-4935-a26c-0c7be6a83aab,Black Sea Black Death,1982,legacy_unknown,,,0.1
db48d95f-b3cc-4653-af23-b47b524b3523,Black Sonata,2017,legacy_unknown,,,0.1
e52ba827-8eae-44c0-960c-32dcd19dbf6c,Black Stories,2004,legacy_unknown,,,0.1
24890354-e557-4828-bf3e-db28b1725369,Black Stories: Das Spiel,,legacy_unknown,,,0.1
091370b7-e4e0-4935-b9f7-983ea74849ef,"Black Wednesday: The Battle of Krasni Bor, 10-11 Feb 1943",1995,legacy_unknown,,,0.1
f9af2c34-9ed9-4d99-86e6-f3b34f2fdb7d,Blackbeard,1991,legacy_unknown,,,0.1
cba8315a-9388-490f-b1e7-3a5f074761fe,Blackbox,2020,legacy_unknown,,,0.1
2894ec2b-dcb2-46e0-86a3-7d500650c415,Blackout: Hong Kong,2018,legacy_unknown,,,0.1
3ae293ff-1905-4146-a0fc-fe2b0e08f6ab,"Blackshirt: The Italian Invasion of Egypt, 1940",2007,legacy_unknown,,,0.1
ad435663-0534-4b34-b5ab-17deb05aa9a7,Blank Slate,2018,legacy_unknown,,,0.1
a30a4ea2-41b9-4ddd-8f54-8ef71fd7bc1e,Blast Track,2024,legacy_unknown,,,0.1
