user,game_name,mapped_ranking
auriliamoniz,Clash of Cultures: Monumental,8
auriliamoniz,Five Tribes,8
auriliamoniz_51_100,Azul Mini,7
auriliamoniz_51_100,Ticket to Ride: Europe - 15 Years,7
auriliamoniz_51_100,Teotihuacan: City of the Gods,6
auriliamoniz_51_100,Power Grid: Energized Version,6
johnnysmith,Settlers of Catan,10
johnnysmith,Apples to Apples - Party Box,9
johnnysmith,Thief of Baghdad (Bagdad),9
kaizendomingo_100_91,Bank Heist,6
kaizendomingo_100_91,Doughnut Drive-Thru,6
kaizendomingo_20_11,The Lord of the Rings: The Fellowship of the Ring - Trick-Taking Game,9
kaizendomingo_70_61,For Northwood,7
kaizendomingo_70_61,Taiwan Night Market,7
miaquattro,Fury of Dracula,7
miaquattro,T.I.M.E,7
miaquattro,Sidereal Confluence: Trading and Negotiation in the Elysian Quadrant,7
miaquattro,Five Tribes,7
miaquattro,The Quacks of Quedlinburg,6
miaquattro,Time’s Up!,6
waynekin,The Quacks of Quedlinburg.,8
waynekin,Clank! A Deck-building Adventure & Clank! Legacy.,8
waynekin,Tzolk’in.,8
waynekin,Get on Board: New York & London/Paris & Roma.,7
waynekin,Lanterns.,6
waynekin,Exit: The Game.,6
yolandaboh,Obsession,8
zacheturner_50_1,The Quacks Of Quedlinburg,10
zacheturner_50_1,Unmatched,9
zacheturner_50_1,Five Tribes,8
zacheturner_50_1,Isle Of Cats,8
zekewest,Battlecrest,10
zekewest,Blood Bowl (2020) Second Season,10
zekewest,Call of Cthulhu – Arkham Supplement,10
zekewest,Call of Cthulhu – Order of the Stone,10
zekewest,Dungeons and Dragons 5th Edition Monster Manual,10
zekewest,Empyreal Spells and Steam,10
zekewest,Five Tribes,10
zekewest,G.I. Joe: Mission Critical,10
zekewest,Neuroshima Hex 3.0,10
zekewest,Pandemic: Legacy,10
zekewest,Railroad Ink Challenge,10
zekewest,Rampage (Terror in Meeple City),10
zekewest,Sandy Petersen’s Cthulhu Mythos for 5e,10
zekewest,Second Inquisition – Vampire the Masquerade,10
zekewest,SideQuest Nemesis,10
zekewest,1846: Race for the Midwest,9
zekewest,4 Gods,9
zekewest,Architectura,9
zekewest,Ashes Reborn: Red Rains,9
zekewest,Blitz Bowl Ultimate Edition Second Edition,9
zekewest,Breakaway Football,9
zekewest,Cartographers: A Roll Player Tale,9
zekewest,Cash ‘N Guns 2e,9
zekewest,Catchup,9
zekewest,Chariots of Rome,9
zekewest,Circadians: First Light – Second Edition,9
zekewest,City of the Big Shoulders and Burden of Destiny,9
zekewest,Cyberpunk Red: Combat Zone Edgerunners,9
zekewest,DC Super-Skill Pinball: Harley Quinn Ball,9
zekewest,Dice Throne Season 2,9
zekewest,Discoveries,9
zekewest,Dungeons and Dragons 5th Edition Dungeon Master’s Guide,9
zekewest,Dungeons and Dragons 5th Edition Player’s Handbook,9
zekewest,Fantasy Realms: Greek Legends,9
zekewest,Flickfleet,9
zekewest,Funkoverse: Squid Game 100 and 101,9
zekewest,Ghoul Island – Act I: Voyage to Farzeen,9
zekewest,Golem Solo,9
zekewest,Herbalism,9
zekewest,Horizon Wars: Zero Dark,9
zekewest,Horus Heresy: Age of Darkness,9
zekewest,Ice Cool,9
zekewest,Immersive Battle Maps,9
zekewest,Ivion,9
zekewest,Lord of the Rings: The One Ring RPG,9
zekewest,Machina Arcana,9
zekewest,Marvel Dice Throne X-Men,9
zekewest,Masters of the Universe: Clash for Eternia,9
zekewest,Middara,9
zekewest,Mound Builders,9
zekewest,Obsession,9
zekewest,Pandemic: Fall of Rome,9
zekewest,Pathfinder Second Edition Player and GM Core,9
zekewest,Planet Apocalypse Sourcebook for 5e,9
zekewest,Prowler’s Passage,9
zekewest,Railroad Ink: Deep Blue,9
zekewest,Roads and Boats 20th Anniversary,9
zekewest,Sabbat: The Black Hand – A Vampire the Masquerade,9
zekewest,Sandbag,9
zekewest,Silicon Valley,9
zekewest,Slaughterball,9
zekewest,Spynet,9
zekewest,Star Trek Super-Skill Pinball,9
zekewest,Star Trek: Into the Unknown,9
zekewest,Starfinder Beginner Box,9
zekewest,Talisman: 5th Edition,9
zekewest,Tanares Adventures,9
zekewest,Team3,9
zekewest,Teenage Mutant Ninja Turtles: Change is Constant,9
zekewest,Teotihuacan: City of the Gods,9
zekewest,The Golden Sails,9
zekewest,The Night Hunter,9
zekewest,The Search for UAPs,9
zekewest,The Texas Chainsaw Massacre Board Game,9
zekewest,TIME Stories,9
zekewest,Valley of the Kings: Premium Edition,9
zekewest,"Warhammer 40,000 Indomitus",9
zekewest,Warhammer 40k Kill Team – Recruit Edition,9
zekewest,Warhammer 40K: Introductory Set,9
zekewest,Warhammer Age of Sigmar: Bladeborn,9
zekewest,Warhammer Age of Sigmar: Dominion,9
zekewest,Warhammer Quest: Cursed City,9
zekewest,What Lies Beneath?,9
zekewest,What Next?,9
zekewest,878 Vikings,8
zekewest,8Bit Attack,8
zekewest,AI Space Puzzle,8
zekewest,All Manor of Evil,8
zekewest,Animal Upon Animal: Crest Climbers,8
zekewest,ApocalypZe,8
zekewest,Avalanche at Yeti Mountain,8
zekewest,Avatar: The Last Airbender – Aang’s Destiny,8
zekewest,Axis and Allies: Anniversary Edition,8
zekewest,Baseball Card GM,8
zekewest,Batman: The Animated Series – Rogues Gallery,8
zekewest,Battle Merchants,8
zekewest,Battletech Beginner Box,8
zekewest,Beer and Bread,8
zekewest,Before There Were Stars,8
zekewest,Bios: Origins,8
zekewest,Blood Bowl: Team Manager,8
zekewest,Brutal Kingdom,8
zekewest,Builders of Blankenburg,8
zekewest,Capo dei Capi,8
zekewest,Carrom Multi Game Board,8
zekewest,Catacombs Cubes,8
zekewest,Catapult Kingdoms,8
zekewest,Catharsis,8
zekewest,Civilization: The Board Game,8
zekewest,Clank!,8
zekewest,Codex: Card-Time Strategy,8
zekewest,Corps of Discovery,8
zekewest,Covalence,8
zekewest,Cult of the Deep,8
zekewest,Deck Box Dungeons,8
zekewest,Delicious,8
zekewest,Desktop HEBOCON Battle Kit,8
zekewest,Dice Conquest,8
zekewest,Dice Kingdoms of Valeria,8
zekewest,Dinosaur Island (2.0),8
zekewest,Disney Sorcerer’s Arena,8
zekewest,Doctor Who: Don’t Blink,8
zekewest,Down in Flames: WWII-Guns Blazing,8
zekewest,Dragon Punch,8
zekewest,Dragon Tower,8
zekewest,Dungeon Date,8
zekewest,Echoes,8
zekewest,Egizia: Shifting SandsEgizia: Shifting Sands,8
zekewest,Escape from Iron Gate,8
zekewest,Escape Room in a Box: Flashback,8
zekewest,Ettin,8
zekewest,Euphoria,8
zekewest,Evil High Priest,8
zekewest,EXCEED: Street Fighter,8
zekewest,Faeries and Magical Creatures,8
zekewest,Fast and Furious Highway Heist,8
zekewest,Fillit,8
zekewest,Final Touch,8
zekewest,Fire in the Hole,8
zekewest,Floriferous: Pocket Edition,8
zekewest,Fountains,8
zekewest,Grackles,8
zekewest,Grand Prix,8
zekewest,Great Scott!,8
zekewest,Gudnak,8
zekewest,Guildmaster’s Guide to Ravnica,8
zekewest,Guilty: Houston 2015,8
zekewest,Guilty: Monaco 1955,8
zekewest,Harrow County,8
zekewest,Harvest + Fall Festival Expansion,8
zekewest,Herbaceous: Pocket Edition,8
zekewest,Hero’s Crossing,8
zekewest,Heroes Welcome,8
zekewest,Hex Roller,8
zekewest,Hispania,8
zekewest,Horizon Zero Dawn: The Board Game,8
zekewest,Horrified: Dungeons and Dragons,8
zekewest,Hundred Days 20,8
zekewest,Imagineers,8
zekewest,Invasion of the Brood,8
zekewest,Jungle Ascent,8
zekewest,Jungle Cruise Adventure Game,8
zekewest,Kill Doctor Lucky: Deluxe 19.5th Anniversary Edition,8
zekewest,King Me,8
zekewest,Knot Dice,8
zekewest,Kronologic: Cuzco 1450,8
zekewest,Kung Fu Panda: The Board Game,8
zekewest,Kyoto No Neko,8
zekewest,Lorcana,8
zekewest,Lord of the Rings Adventure to Mount Doom,8
zekewest,Lucidity: Six Sided Nightmares,8
zekewest,Marvel Dice Masters,8
zekewest,Masters of the Universe: Battleground,8
zekewest,Mean Girls: The Party Game,8
zekewest,Mega Man Adventures,8
zekewest,Mew-Tants RPG,8
zekewest,Miaui,8
zekewest,Millennia: Tracks of Time,8
zekewest,Mind MGMT,8
zekewest,Mini DiverCity,8
zekewest,Mini-Mysteries: The Medieval Mishap,8
zekewest,Necromolds: Monster Battles,8
zekewest,Neon Reign,8
zekewest,Nut So Fast,8
zekewest,Oak and Iron,8
zekewest,Okey Dokey,8
zekewest,Orcs Must Die: The Board Game,8
zekewest,Overboss,8
zekewest,Palm Laboratory,8
zekewest,Papayoo,8
zekewest,Papillon,8
zekewest,Paramedics: Clear!,8
zekewest,Periorbis,8
zekewest,Pharaoh’s Gulo Gulo,8
zekewest,Pigasus,8
zekewest,Poetry Slam,8
zekewest,Posthuman Saga,8
zekewest,Racing Hedgehogs,8
zekewest,Railroad Ink,8
zekewest,Restaurant Rivals,8
zekewest,Rise of Cthulhu,8
zekewest,Robinson Crusoe 2nd Edition,8
zekewest,Robotech: Reconstruction,8
zekewest,Samara,8
zekewest,Sausage Sizzle,8
zekewest,Schrodinger’s Cats,8
zekewest,Scope U-Boot,8
zekewest,Sea Salt and Paper,8
zekewest,Sellswords,8
zekewest,SiliconVania,8
zekewest,SILOS,8
zekewest,Sinoda,8
zekewest,Skyrockets: Festivals of Fire,8
zekewest,Smurfs Hidden Village,8
zekewest,Snowfall Over Mountains,8
zekewest,Star Wars Unlimited: Shadows of the Galaxy,8
zekewest,Street Fighter V: Champion Edition Legends,8
zekewest,Sunflower Valley,8
zekewest,Super Boss Monster,8
zekewest,Super Snipers,8
zekewest,Tales from the Red Dragon Inn,8
zekewest,Taverns and Dragons,8
zekewest,Techno Bowl,8
zekewest,TEDOKU,8
zekewest,Terrible Monster,8
zekewest,The Dead Eye,8
zekewest,The Haunted Mansion – Call of the Spirits,8
zekewest,The King’s Armory,8
zekewest,The Lady and the Tiger,8
zekewest,The Peak Team,8
zekewest,The Pirate Republic: African Gambit,8
zekewest,The Ruhr: A Story of Coal,8
zekewest,Thrones of Valeria,8
zekewest,Tiny Ninjas,8
zekewest,Tokyo Jutaku,8
zekewest,TowerBrix,8
zekewest,Umami,8
zekewest,Unlock!,8
zekewest,Unmatched: Battle of Legends,8
zekewest,V-Commandos,8
zekewest,Vampire the Masquerade: The Book of Nod,8
zekewest,Vampire: The Masquerade – Rivals,8
zekewest,Villainous,8
zekewest,Villainous: Sugar and Spite,8
zekewest,Warcry: Catacombs,8
zekewest,"Warhammer 40,000: Fireteam",8
zekewest,Wayward,8
zekewest,Wish You Were Here,8
zekewest,Wits and Wagers: It’s Vegas Baby,8
zekewest,Wolfwalkers: My Story,8
zekewest,World of Tanks Miniatures Game,8
zekewest,WWE Superstar Showdown,8
zekewest,Yummy World: Party at Picnic Palace,8
zekewest,Zoom in Barcelona,8
zekewest,1972: The Lost Phantom,7
zekewest,Abstract Academy,7
zekewest,Aeterna,7
zekewest,"Air, Land, and Sea: Critters at War",7
zekewest,Algae Inc.,7
zekewest,Anno 1800,7
zekewest,Antarctica,7
zekewest,Armata Strigoi,7
zekewest,Ashes: Reborn,7
zekewest,AssassinCon,7
zekewest,Axis & Allies & Zombies,7
zekewest,Batman Everybody Lies,7
zekewest,Battalion: War of the Ancients,7
zekewest,Battle Bosses,7
zekewest,Benevolent,7
zekewest,Bequest,7
zekewest,Biathlon Blast,7
zekewest,Big Sur,7
zekewest,Birds of A Feather: Western North America,7
zekewest,Bloom Town,7
zekewest,Boss Monster,7
zekewest,Bronze,7
zekewest,Button Men: Beat People Up,7
zekewest,Bye Bye Mr. Fox,7
zekewest,Caesar and Cleopatra,7
zekewest,Captain Carcass,7
zekewest,Captain Marvel: Secret Skrulls,7
zekewest,Castello Methoni,7
zekewest,Catacombs and Castles,7
zekewest,Cerebria,7
zekewest,Chronicles of Light: Darkness,7
zekewest,City Builder Ancient World,7
zekewest,Click Clack Lumberjack,7
zekewest,CMYK!,7
zekewest,Cocobanana,7
zekewest,Conquest: First Blood,7
zekewest,Conspiracy: The Solomon Gambit,7
zekewest,"Critters at War: Flies, Lies, & Supplies",7
zekewest,Cytosis,7
zekewest,Deranged,7
zekewest,Diceborn Heroes,7
zekewest,Donald Duck in Happy Camper,7
zekewest,Doodle Dungeon,7
zekewest,Dr. Esker’s Notebook,7
zekewest,Dragonlance Warriors of Krynn Review,7
zekewest,Drawn to Adventure,7
zekewest,Dungeon Bowl,7
zekewest,Dungeon Kart,7
zekewest,Dungeon Legends,7
zekewest,Dungeon of the Mad Mage,7
zekewest,Dungeon Saga: Origins,7
zekewest,Empires,7
zekewest,Escape from New York,7
zekewest,Everstone: Discovering Ignis,7
zekewest,Farm Rescue,7
zekewest,Fate Flip: Washed Ashore,7
zekewest,Feed the Shoggoth!,7
zekewest,Fidelitas,7
zekewest,Flapjack Flipout,7
zekewest,Footprints,7
zekewest,Forged in Steel,7
zekewest,Fozzy Football,7
zekewest,Friday the 13th: Horror at Camp Crystal Lake,7
zekewest,Fruit Picking,7
zekewest,FUBA,7
zekewest,Galactic Strike Force,7
zekewest,Galilean Moons,7
zekewest,Gears of War,7
zekewest,Gearworks,7
zekewest,Ghosts Love Candy Too,7
zekewest,Godfather: A New Don,7
zekewest,Gunrunners,7
zekewest,Hamsterrolle,7
zekewest,Head Trip,7
zekewest,Heaven and Ale,7
zekewest,Hedgehog Hop,7
zekewest,Hegemonic,7
zekewest,Heir to the Pharoah,7
zekewest,Hoyuk,7
zekewest,Impact: Battle of the Elements,7
zekewest,In a Flash Firefighters,7
zekewest,Indiana Jones Cryptic,7
zekewest,Infiltration,7
zekewest,Infinity Essentials,7
zekewest,Japanime Tactics: Granblue Fantasy,7
zekewest,Jumanji Fluxx,7
zekewest,Jurassic Parts,7
zekewest,Kilter,7
zekewest,King Chocolate,7
zekewest,Kings of Artifice,7
zekewest,Koi,7
zekewest,Last Defense,7
zekewest,Legendary Showdown,7
zekewest,Life in Reterra,7
zekewest,Lindisfarne,7
zekewest,Line of Fire: Burnt Moon,7
zekewest,Long Cow,7
zekewest,Loose Caboose,7
zekewest,Lost Woods,7
zekewest,Mars Open,7
zekewest,Marvel: Age of Heroes,7
zekewest,Meeple Towers,7
zekewest,Mercado,7
zekewest,Meteor,7
zekewest,Metro 2033: Breakthrough,7
zekewest,Miller Zoo,7
zekewest,Mission Control: Critical Orbit,7
zekewest,Mojo,7
zekewest,Monster Chef,7
zekewest,Monster Pit,7
zekewest,Morocco,7
zekewest,Mow Money,7
zekewest,Museum Heist,7
zekewest,My First Stone Age: The Card Game,7
zekewest,Narabi,7
zekewest,Ninjitsu,7
zekewest,Oboro Ninja Star Trick,7
zekewest,oddball Aeronauts,7
zekewest,Omen: Fires in the East,7
zekewest,Operation F.A.U.S.T.,7
zekewest,Palette Swap,7
zekewest,Pasaraya,7
zekewest,Pathfinder Adventure Card Game,7
zekewest,Peninsula,7
zekewest,Perfect Mismatch,7
zekewest,Piece of Pie,7
zekewest,Pitch Out,7
zekewest,Plantopia: The Card Game,7
zekewest,Plutocracy,7
zekewest,Pocket Madness,7
zekewest,Printing Press,7
zekewest,Processing: A Game of Serving Humanity,7
zekewest,Psycho Raiders,7
zekewest,Q.E.,7
zekewest,Quartermaster General: South Front,7
zekewest,Rainforest City,7
zekewest,Reality Shift: Deluxe,7
zekewest,Remnants,7
zekewest,Risky Adventure,7
zekewest,Roar: King of the Pride,7
zekewest,Robo Rally Transformers Edition,7
zekewest,Rolled West,7
zekewest,Rollet,7
zekewest,Rome and Roll,7
zekewest,RONE: Races of New Earth,7
zekewest,Samurai Gardener,7
zekewest,Sauria,7
zekewest,Sea of Thieves: Voyage of Legends,7
zekewest,Settlers of America – Trails to Rails,7
zekewest,Shovel Knight: Dungeon Duels,7
zekewest,Skull Canyon Ski Fest,7
zekewest,Sobek 2 Player,7
zekewest,Space Marine Adventures: Doomsday Countdown,7
zekewest,Star Trek: Chrono-Trek,7
zekewest,Steamwatchers,7
zekewest,Steel Arena: Friday Night Robot Fight,7
zekewest,Strawberry Shortcake: Berry Besties Bake Off,7
zekewest,Streets of Steel,7
zekewest,Stronghold: Undead Second Edition,7
zekewest,Sunrise at the Studio,7
zekewest,Sunset Over Water Pocket Edition,7
zekewest,Super Mario: Level Up!,7
zekewest,Super-Skill Pinball Holiday Special,7
zekewest,Sushi Go! 10th Anniversary,7
zekewest,Tales of Eventyr,7
zekewest,Tasso Banana,7
zekewest,The Battle in Balin’s Tomb,7
zekewest,The Book of Rituals,7
zekewest,The Butterfly Garden,7
zekewest,The Cat Mitt Game,7
zekewest,The Cohort,7
zekewest,The Exiled: Siege,7
zekewest,The Expanse,7
zekewest,The Last of Us: Escape the Dark,7
zekewest,The Liberation of Rietburg,7
zekewest,The Perfect Wave,7
zekewest,Time Barons,7
zekewest,Tokyo Jidohanbaiki,7
zekewest,Tokyo Washi Game Cops,7
zekewest,Tower of Madness,7
zekewest,Train & Railway,7
zekewest,Traveller Customizable Card Game,7
zekewest,Trickster: Champions of Time,7
zekewest,Unsolved Case Files,7
zekewest,V-Wars,7
zekewest,Vivo,7
zekewest,Warhammer Age of Sigmar: Beginner Set,7
zekewest,We Need to Talk,7
zekewest,What Came First?,7
zekewest,Wicked: The Game,7
zekewest,Wild Kratts Endangered Wildlife,7
zekewest,Woo-Hoo,7
zekewest,WWE Royal Rumble Card Game,7
zekewest,Zombie Tower 3D,7
zekewest,3 Wishes,6
zekewest,7-Card Slugfest,6
zekewest,Adulthood,6
zekewest,Aldr: The High Sage,6
zekewest,An Age Contrived,6
zekewest,Arctic,6
zekewest,Atari’s Centipede,6
zekewest,Australis,6
zekewest,Back to the Future: An Adventure Through Time,6
zekewest,Bahamas,6
zekewest,BetaBotz: Byte of Passage Review,6
zekewest,BitterSweet,6
zekewest,Boom Blast Stix,6
zekewest,Bountytown,6
zekewest,Break In: Alcatraz,6
zekewest,Captain’s Wager,6
zekewest,Carrotia,6
zekewest,Cassiopeia,6
zekewest,Cerebria: The Card Game,6
zekewest,Codenames: Disney,6
zekewest,Color It!,6
zekewest,Combat Arena: Clash of Champions,6
zekewest,Conquest: The Last Argument of Kings,6
zekewest,Crazy Cultists,6
zekewest,Cryptid Cafe,6
zekewest,Dastardly Dirigibles,6
zekewest,Dead by Daylight,6
zekewest,Deep Shelf,6
zekewest,Die Hard: The Nakatomi Heist,6
zekewest,Die in the Dungeon,6
zekewest,Dimension: The Brain Game To Go,6
zekewest,Dino Party,6
zekewest,Dirt & Dust,6
zekewest,Disney Lorcana: Gateway,6
zekewest,Draconis Invasion,6
zekewest,Draft and Write Records,6
zekewest,Dragonbond Lords of Vaala,6
zekewest,Duel of Wands,6
zekewest,Dungeon Busters,6
zekewest,Dungeon Scrawlers: Heroes of Undermountain,6
zekewest,Dust in the Wings,6
zekewest,Endless Destinies: The Clockwork City,6
zekewest,Enola Holmes: Finder of Lost Souls,6
zekewest,Epic Resort,6
zekewest,Escape from Projekt Riese,6
zekewest,EXIT: The Game,6
zekewest,Exodus Fleet,6
zekewest,Famous: Stage I,6
zekewest,Fantasy Defense,6
zekewest,Favelas,6
zekewest,Fight 5,6
zekewest,Firefly: Misbehavin’,6
zekewest,Fishing Party,6
zekewest,Flex NBA,6
zekewest,Flower Fields,6
zekewest,G.I. JOE: Battle for the Arctic Circle,6
zekewest,Galactic Duel,6
zekewest,Garbage Day,6
zekewest,Gasha,6
zekewest,Green Deal,6
zekewest,Gut Check,6
zekewest,H.I.D.E.: Hidden Identity Dice Espionage,6
zekewest,Happy Home,6
zekewest,Happy Party,6
zekewest,Hello Kitty: Day at the Park,6
zekewest,Hexes of Sygon,6
zekewest,Holding On: The Troubled Life of Billy Kerr,6
zekewest,Holly Jolly,6
zekewest,Ice Hoppers,6
zekewest,Incredibrawl,6
zekewest,Indiana Jones: Sands of Adventure,6
zekewest,It’s a Small World,6
zekewest,Junior Detective,6
zekewest,Karuba: The Card Game,6
zekewest,Katmai: The Bears of Brooks River,6
zekewest,Keepers of the Questar,6
zekewest,King Frog,6
zekewest,Knuckling Knights,6
zekewest,Konja,6
zekewest,Legacies,6
zekewest,Legends Untold: The Great Sewers Novice Set,6
zekewest,Lords and Ladies,6
zekewest,Lucky Dogs,6
zekewest,Macroscope,6
zekewest,Manhattan Project: War Machine,6
zekewest,Marbleous,6
zekewest,Metrorunner,6
zekewest,Million Dollar Script,6
zekewest,Mistborn: House War,6
zekewest,Mutants Solo,6
zekewest,Muttin Bustin,6
zekewest,My City: Roll and Build,6
zekewest,Narwhal Free For All,6
zekewest,"Oh No, We Crashed!",6
zekewest,Orphan Black: The Card Game,6
zekewest,Overboss: Duel,6
zekewest,Overdrive,6
zekewest,Pacific Go,6
zekewest,Pact,6
zekewest,Pancake Monster,6
zekewest,Pathfinder: Level 20,6
zekewest,Pew Pew!,6
zekewest,Pig Puzzle,6
zekewest,Pop The Box,6
zekewest,Pucket,6
zekewest,Purrrlock Holmes: Furriarty’s Trail,6
zekewest,Quixx,6
zekewest,Quoridor Pac-Man,6
zekewest,Raid & Trade,6
zekewest,Road Kill Rally,6
zekewest,Roadkill,6
zekewest,Run! Run! Run!,6
zekewest,Runemasters,6
zekewest,Salem,6
zekewest,Sand Art,6
zekewest,Scripts & Scribes: The Dice Game,6
zekewest,Shadowgate: The Living Castle,6
zekewest,Shahrazad,6
zekewest,Shifting Realms,6
zekewest,Show and Tile,6
zekewest,Silver and Gold,6
zekewest,Skyline,6
zekewest,Space Marine – The Board Game,6
zekewest,Space Marine Adventures: Rise of the Orks,6
zekewest,Space Marine Adventures: Tyranid Attack!,6
zekewest,Spy x Family: Mission for Peanuts,6
zekewest,Squadro,6
zekewest,St. Patrick,6
zekewest,Star Realms: Rise of Empire,6
zekewest,Star Trek: Discovery – Black Alert,6
zekewest,Star Wars Rivals,6
zekewest,Stranger Things Dungeons & Dragons Starter Set,6
zekewest,Sunny Day Sardines,6
zekewest,Super Kawaii Pets,6
zekewest,Switchbacks,6
zekewest,Symphony No. 9,6
zekewest,Tangram City,6
zekewest,Tanks: Panthers vs. Sherman,6
zekewest,Tanto Cuore: Memento Mori – Twilight Manor,6
zekewest,Team Up!,6
zekewest,Teeter Tower,6
zekewest,That Old Wallpaper,6
zekewest,The Binding of Isaac: Four Souls Requiem,6
zekewest,The Captain Is Dead: Dangerous Planet,6
zekewest,The Gardens,6
zekewest,The Key: Escape from Strongwall Prison,6
zekewest,The Legends of Andor,6
zekewest,The Ming Voyages,6
zekewest,The Potion,6
zekewest,The Table is Lava,6
zekewest,This War of Mine,6
zekewest,Those Pesky Humans,6
zekewest,Titan Race,6
zekewest,Titans Tactics,6
zekewest,Tokaido 10th Anniversary Edition,6
zekewest,Trail Story: America,6
zekewest,TRND,6
zekewest,Tusk! Surviving the Ice Age,6
zekewest,Twenty One,6
zekewest,Two Base Stations,6
zekewest,UBOOT,6
zekewest,Vinyl: Jukebox,6
zekewest,Warcrow Adventures,6
zekewest,Warhammer 40k: Combat Arena – Lair of the Beast,6
zekewest,Warhammer Age of Sigmar: Crypt Hunters,6
zekewest,Weirdwood Manor,6
zekewest,Windup War,6
zekewest,Yogi,6
zekewest,3 Laws of Robotics,5
zekewest,3-4 Headed Monster,5
zekewest,3000 Scoundrels,5
zekewest,Aerodome: Rising Horizons,5
zekewest,Apocrypha,5
zekewest,Archmage,5
zekewest,Back to the Future: Outatime,5
zekewest,Bad Beets,5
zekewest,Bad Neighbors,5
zekewest,Beatdown: Streets of Justice,5
zekewest,Beer IQ,5
zekewest,Belle of the Ball,5
zekewest,Big Dig,5
zekewest,Black Hat,5
zekewest,Blueshift,5
zekewest,Borgata,5
zekewest,Cantankerous Cats,5
zekewest,Carthago,5
zekewest,Chrono Corsairs,5
zekewest,Color Field,5
zekewest,Conquest of Speros,5
zekewest,Cursed Lands: Morgulia,5
zekewest,Cyber Pet Quest,5
zekewest,Damage Report,5
zekewest,Dark Souls: The Board Game – Painted World of Ariamis,5
zekewest,DC Forever,5
zekewest,Dice Manor,5
zekewest,Difference,5
zekewest,Discover: Lands Unknown,5
zekewest,Disney Princess See the Story,5
zekewest,Divinus,5
zekewest,Dragon Ball Z: Perfect Cell,5
zekewest,Dune: House Secrets,5
zekewest,Dungeon Draft,5
zekewest,Dungeons & Dragons: Builders of Baldur’s Gate,5
zekewest,Dying Message,5
zekewest,E.T. The Extra-Terrestrial: Light Years from Home Game,5
zekewest,Express Route,5
zekewest,Farmageddon,5
zekewest,Fluttering Souls,5
zekewest,Folded Wishes,5
zekewest,Food Truck Champion,5
zekewest,Football Highlights 2052,5
zekewest,Going Concern,5
zekewest,Greece Lightning,5
zekewest,Guild Academies of Valeria,5
zekewest,Head of Mousehold,5
zekewest,Hippo,5
zekewest,Humble Tea Party,5
zekewest,"I Say, Holmes!",5
zekewest,Incorporated,5
zekewest,Ink Monsters,5
zekewest,Jewel Thief,5
zekewest,Jinja,5
zekewest,Judge Dredd: The Cursed Earth,5
zekewest,Kingsport Festival: The Card Game,5
zekewest,Layers,5
zekewest,Longboard,5
zekewest,Lunar Skyline,5
zekewest,Marvel Battleworld,5
zekewest,Master of Wills,5
zekewest,Microfilms,5
zekewest,Missile Command,5
zekewest,Moments,5
zekewest,Moonflight,5
zekewest,Nerdy Inventions,5
zekewest,Nights of Fire: Battle for Budapest,5
zekewest,Nuked,5
zekewest,Parks Memories,5
zekewest,Pittsburg 68,5
zekewest,Pizza Party Throwdown,5
zekewest,Political Animals,5
zekewest,Revolution of 1828,5
zekewest,Roll Camera!,5
zekewest,Sarah’s Vision,5
zekewest,Shadow Rivals,5
zekewest,Shadowed Kingdom,5
zekewest,Sixpence Bakery,5
zekewest,Sleeping Queens 2: The Rescue,5
zekewest,Son of Esker,5
zekewest,Starfinder: Pirates of Skydock,5
zekewest,Stick to Colours,5
zekewest,Tales of Evil,5
zekewest,Talisman: Batman – Super Villain Edition,5
zekewest,Tammany,5
zekewest,Tear-able Quest,5
zekewest,Techlandia,5
zekewest,The Dark Quarter,5
zekewest,The Goonies Adventure Card Game,5
zekewest,The Last Bottle of Rum,5
zekewest,The Path of Adventurers,5
zekewest,The Silver River,5
zekewest,Theomachy,5
zekewest,They Who Were 8,5
zekewest,Time Breaker,5
zekewest,Time Division,5
zekewest,Tokyo Coin Laundry,5
zekewest,Towers of Äm’härb,5
zekewest,Train Heist,5
zekewest,Truck Off,5
zekewest,Ultimate Treehouse,5
zekewest,Unrest,5
zekewest,Upkeep,5
zekewest,Vineyard,5
zekewest,Vivid: Memories,5
zekewest,Warhammer Quest Lost Relics,5
zekewest,Western Legends Showdown,5
zekewest,Wizards Wanted,5
zekewest,Wraith and the Giants,5
zekewest,Zombie Princess and the Enchanted Maze,5
zekewest,Zoo Ball,5
zekewest,Age of Dirt,4
zekewest,Bad Maps,4
zekewest,Blob Lobber,4
zekewest,Blossoms,4
zekewest,Casting Shadows,4
zekewest,Castle Raisers,4
zekewest,Coral Islands,4
zekewest,Cross Hares: Testing Ground,4
zekewest,Danger Park,4
zekewest,Drop Squad: The Escape!,4
zekewest,Dungeons and Dragons Onslaught,4
zekewest,Elden Ring: The Board Game – Stormveil Castle,4
zekewest,Elevenses: The Guilty Party,4
zekewest,Esc Welt Breakout Games,4
zekewest,Fairy Lights,4
zekewest,Far Space Foundry,4
zekewest,FourCuatro,4
zekewest,Gen7,4
zekewest,Gnomi,4
zekewest,Godsforge,4
zekewest,GoTown,4
zekewest,Harry Potter: House Cup Competition,4
zekewest,Head Hackers,4
zekewest,Incantris,4
zekewest,Islands in the Mist,4
zekewest,Isle of Monsters,4
zekewest,Ixi Kix,4
zekewest,Jabuka,4
zekewest,Jurassic World: The Legacy of Isla Nublar,4
zekewest,Kamikaze Chess,4
zekewest,Little Book of Battle Mats,4
zekewest,Lucky Jack,4
zekewest,Machinate,4
zekewest,Mass Effect: The Board Game – Priority: Hagalaz,4
zekewest,Master of Orion: Conquest,4
zekewest,Moku Tower,4
zekewest,Nevada City,4
zekewest,Outpost: Amazon,4
zekewest,Paper App Dungeon,4
zekewest,Pikoko,4
zekewest,Pirate Lords,4
zekewest,Planet of the Apes,4
zekewest,Qwixx: The Card Game,4
zekewest,"Ready, Set, Bet",4
zekewest,Res Publica: 2230AD,4
zekewest,Rhein: River Trade,4
zekewest,Royal Bastards,4
zekewest,Sea King Adventures,4
zekewest,SideQuest: 7th Sea,4
zekewest,Slambo!,4
zekewest,Snatch the Pebble,4
zekewest,Squirrel or Die,4
zekewest,Star Trek: Conflick in the Neutral Zone,4
zekewest,Stellium,4
zekewest,Super Squad High,4
zekewest,Sushi Go!: Spin Some for Dim Sum,4
zekewest,Tambuzi,4
zekewest,The Voyage of Argo,4
zekewest,The Walking Dead: The Dice Game,4
zekewest,This Game Goes to Eleven,4
zekewest,Tiny Tina’s Robot Tea Party,4
zekewest,USPS: The Great American Mail Race,4
zekewest,Valhal,4
zekewest,Vampires vs Unicorns: Floor Wars,4
zekewest,Warehouse 51,4
zekewest,Wobble King,4
zekewest,7th Guest,3
zekewest,Blind Spot,3
zekewest,Cthulhu: The Great Old One,3
zekewest,Daemon Trilogy: Subrosa,3
zekewest,Dune Betrayal,3
zekewest,Empires at Sea,3
zekewest,Europa Base Alpha,3
zekewest,Food Truck Entrepreneur,3
zekewest,GoVenture,3
zekewest,Hengist,3
zekewest,Kartel,3
zekewest,Marvel Contest of Champions: Battlerealm,3
zekewest,Marvel: Damage Control,3
zekewest,Mini Dinosaur,3
zekewest,Necronomicards,3
zekewest,Outpost: Siberia,3
zekewest,Power 1,3
zekewest,Red Sonja: Hyrkania’s Legacy,3
zekewest,Rorschach,3
zekewest,Shapers of Gaia,3
zekewest,Tavern Masters,3
zekewest,The Amberden Affair,3
zekewest,The Coldest Night,3
zekewest,Tokyo Game Show,3
zekewest,Who Should We Eat,3
zekewest,World War Z: The Game,3
zekewest,Death Battle!,2
zekewest,Detective Rummy,2
zekewest,Far Cry: Escape from Rook Islands,2
zekewest,President Bigly,2
zekewest,Space Invaders: Dice,2
zekewest,Super Hack Override,2
zekewest,TopSpin,2
