game_name,mentions,users,mapped_rankings
Five Tribes,4,auriliamoniz|miaquattro|zacheturner_50_1|zekewest,10|8|7
The Quacks of Quedlinburg,3,miaquattro|waynekin|zacheturner_50_1,10|8|6
EXIT: The Game,2,waynekin|zekewest,6
Obsession,2,yolandaboh|zekewest,9|8
Teotihuacan: City of the Gods,2,auriliamoniz_51_100|zekewest,9|6
1846: Race for the Midwest,1,zekewest,9
1972: The Lost Phantom,1,zekewest,7
3 Laws of Robotics,1,zekewest,5
3 Wishes,1,zekewest,6
3-4 Headed Monster,1,zekewest,5
3000 Scoundrels,1,zekewest,5
4 Gods,1,zekewest,9
7-Card Slugfest,1,zekewest,6
7th Guest,1,zekewest,3
878 Vikings,1,zekewest,8
8Bit Attack,1,zekewest,8
Abstract Academy,1,zekewest,7
Adulthood,1,zekewest,6
Aerodome: Rising Horizons,1,zekewest,5
Aeterna,1,zekewest,7
Age of Dirt,1,zekewest,4
AI Space Puzzle,1,zekewest,8
"Air, Land, and Sea: Critters at War",1,zekewest,7
Aldr: The High Sage,1,zekewest,6
Algae Inc.,1,zekewest,7
All Manor of Evil,1,zekewest,8
An Age Contrived,1,zekewest,6
Animal Upon Animal: Crest Climbers,1,zekewest,8
Anno 1800,1,zekewest,7
Antarctica,1,zekewest,7
ApocalypZe,1,zekewest,8
Apocrypha,1,zekewest,5
Apples to Apples - Party Box,1,johnnysmith,9
Architectura,1,zekewest,9
Archmage,1,zekewest,5
Arctic,1,zekewest,6
Armata Strigoi,1,zekewest,7
Ashes Reborn: Red Rains,1,zekewest,9
Ashes: Reborn,1,zekewest,7
AssassinCon,1,zekewest,7
Atari’s Centipede,1,zekewest,6
Australis,1,zekewest,6
Avalanche at Yeti Mountain,1,zekewest,8
Avatar: The Last Airbender – Aang’s Destiny,1,zekewest,8
Axis & Allies & Zombies,1,zekewest,7
Axis and Allies: Anniversary Edition,1,zekewest,8
Azul Mini,1,auriliamoniz_51_100,7
Back to the Future: An Adventure Through Time,1,zekewest,6
Back to the Future: Outatime,1,zekewest,5
Bad Beets,1,zekewest,5
Bad Maps,1,zekewest,4
Bad Neighbors,1,zekewest,5
Bahamas,1,zekewest,6
Bank Heist,1,kaizendomingo_100_91,6
Baseball Card GM,1,zekewest,8
Batman Everybody Lies,1,zekewest,7
Batman: The Animated Series – Rogues Gallery,1,zekewest,8
Battalion: War of the Ancients,1,zekewest,7
Battle Bosses,1,zekewest,7
Battle Merchants,1,zekewest,8
Battlecrest,1,zekewest,10
Battletech Beginner Box,1,zekewest,8
Beatdown: Streets of Justice,1,zekewest,5
Beer and Bread,1,zekewest,8
Beer IQ,1,zekewest,5
Before There Were Stars,1,zekewest,8
Belle of the Ball,1,zekewest,5
Benevolent,1,zekewest,7
Bequest,1,zekewest,7
BetaBotz: Byte of Passage Review,1,zekewest,6
Biathlon Blast,1,zekewest,7
Big Dig,1,zekewest,5
Big Sur,1,zekewest,7
Bios: Origins,1,zekewest,8
Birds of A Feather: Western North America,1,zekewest,7
BitterSweet,1,zekewest,6
Black Hat,1,zekewest,5
Blind Spot,1,zekewest,3
Blitz Bowl Ultimate Edition Second Edition,1,zekewest,9
Blob Lobber,1,zekewest,4
Blood Bowl (2020) Second Season,1,zekewest,10
Blood Bowl: Team Manager,1,zekewest,8
Bloom Town,1,zekewest,7
Blossoms,1,zekewest,4
Blueshift,1,zekewest,5
Boom Blast Stix,1,zekewest,6
Borgata,1,zekewest,5
Boss Monster,1,zekewest,7
Bountytown,1,zekewest,6
Break In: Alcatraz,1,zekewest,6
Breakaway Football,1,zekewest,9
Bronze,1,zekewest,7
Brutal Kingdom,1,zekewest,8
Builders of Blankenburg,1,zekewest,8
Button Men: Beat People Up,1,zekewest,7
Bye Bye Mr. Fox,1,zekewest,7
Caesar and Cleopatra,1,zekewest,7
Call of Cthulhu – Arkham Supplement,1,zekewest,10
Call of Cthulhu – Order of the Stone,1,zekewest,10
Cantankerous Cats,1,zekewest,5
Capo dei Capi,1,zekewest,8
Captain Carcass,1,zekewest,7
Captain Marvel: Secret Skrulls,1,zekewest,7
Captain’s Wager,1,zekewest,6
Carrom Multi Game Board,1,zekewest,8
Carrotia,1,zekewest,6
Carthago,1,zekewest,5
Cartographers: A Roll Player Tale,1,zekewest,9
Cash ‘N Guns 2e,1,zekewest,9
Cassiopeia,1,zekewest,6
Castello Methoni,1,zekewest,7
Casting Shadows,1,zekewest,4
Castle Raisers,1,zekewest,4
Catacombs and Castles,1,zekewest,7
Catacombs Cubes,1,zekewest,8
Catapult Kingdoms,1,zekewest,8
Catchup,1,zekewest,9
Catharsis,1,zekewest,8
Cerebria,1,zekewest,7
Cerebria: The Card Game,1,zekewest,6
Chariots of Rome,1,zekewest,9
Chronicles of Light: Darkness,1,zekewest,7
Chrono Corsairs,1,zekewest,5
Circadians: First Light – Second Edition,1,zekewest,9
City Builder Ancient World,1,zekewest,7
City of the Big Shoulders and Burden of Destiny,1,zekewest,9
Civilization: The Board Game,1,zekewest,8
Clank!,1,zekewest,8
Clank! A Deck-building Adventure & Clank! Legacy.,1,waynekin,8
Clash of Cultures: Monumental,1,auriliamoniz,8
Click Clack Lumberjack,1,zekewest,7
CMYK!,1,zekewest,7
Cocobanana,1,zekewest,7
Codenames: Disney,1,zekewest,6
Codex: Card-Time Strategy,1,zekewest,8
Color Field,1,zekewest,5
Color It!,1,zekewest,6
Combat Arena: Clash of Champions,1,zekewest,6
Conquest of Speros,1,zekewest,5
Conquest: First Blood,1,zekewest,7
Conquest: The Last Argument of Kings,1,zekewest,6
Conspiracy: The Solomon Gambit,1,zekewest,7
Coral Islands,1,zekewest,4
Corps of Discovery,1,zekewest,8
Covalence,1,zekewest,8
Crazy Cultists,1,zekewest,6
"Critters at War: Flies, Lies, & Supplies",1,zekewest,7
Cross Hares: Testing Ground,1,zekewest,4
Cryptid Cafe,1,zekewest,6
Cthulhu: The Great Old One,1,zekewest,3
Cult of the Deep,1,zekewest,8
Cursed Lands: Morgulia,1,zekewest,5
Cyber Pet Quest,1,zekewest,5
Cyberpunk Red: Combat Zone Edgerunners,1,zekewest,9
Cytosis,1,zekewest,7
Daemon Trilogy: Subrosa,1,zekewest,3
Damage Report,1,zekewest,5
Danger Park,1,zekewest,4
Dark Souls: The Board Game – Painted World of Ariamis,1,zekewest,5
Dastardly Dirigibles,1,zekewest,6
DC Forever,1,zekewest,5
DC Super-Skill Pinball: Harley Quinn Ball,1,zekewest,9
Dead by Daylight,1,zekewest,6
Death Battle!,1,zekewest,2
Deck Box Dungeons,1,zekewest,8
Deep Shelf,1,zekewest,6
Delicious,1,zekewest,8
Deranged,1,zekewest,7
Desktop HEBOCON Battle Kit,1,zekewest,8
Detective Rummy,1,zekewest,2
Dice Conquest,1,zekewest,8
Dice Kingdoms of Valeria,1,zekewest,8
Dice Manor,1,zekewest,5
Dice Throne Season 2,1,zekewest,9
Diceborn Heroes,1,zekewest,7
Die Hard: The Nakatomi Heist,1,zekewest,6
Die in the Dungeon,1,zekewest,6
Difference,1,zekewest,5
Dimension: The Brain Game To Go,1,zekewest,6
Dino Party,1,zekewest,6
Dinosaur Island (2.0),1,zekewest,8
Dirt & Dust,1,zekewest,6
Discover: Lands Unknown,1,zekewest,5
Discoveries,1,zekewest,9
Disney Lorcana: Gateway,1,zekewest,6
Disney Princess See the Story,1,zekewest,5
Disney Sorcerer’s Arena,1,zekewest,8
Divinus,1,zekewest,5
Doctor Who: Don’t Blink,1,zekewest,8
Donald Duck in Happy Camper,1,zekewest,7
Doodle Dungeon,1,zekewest,7
Doughnut Drive-Thru,1,kaizendomingo_100_91,6
Down in Flames: WWII-Guns Blazing,1,zekewest,8
Dr. Esker’s Notebook,1,zekewest,7
Draconis Invasion,1,zekewest,6
Draft and Write Records,1,zekewest,6
Dragon Ball Z: Perfect Cell,1,zekewest,5
Dragon Punch,1,zekewest,8
Dragon Tower,1,zekewest,8
Dragonbond Lords of Vaala,1,zekewest,6
Dragonlance Warriors of Krynn Review,1,zekewest,7
Drawn to Adventure,1,zekewest,7
Drop Squad: The Escape!,1,zekewest,4
Duel of Wands,1,zekewest,6
Dune Betrayal,1,zekewest,3
Dune: House Secrets,1,zekewest,5
Dungeon Bowl,1,zekewest,7
Dungeon Busters,1,zekewest,6
Dungeon Date,1,zekewest,8
Dungeon Draft,1,zekewest,5
Dungeon Kart,1,zekewest,7
Dungeon Legends,1,zekewest,7
Dungeon of the Mad Mage,1,zekewest,7
Dungeon Saga: Origins,1,zekewest,7
Dungeon Scrawlers: Heroes of Undermountain,1,zekewest,6
Dungeons & Dragons: Builders of Baldur’s Gate,1,zekewest,5
Dungeons and Dragons 5th Edition Dungeon Master’s Guide,1,zekewest,9
Dungeons and Dragons 5th Edition Monster Manual,1,zekewest,10
Dungeons and Dragons 5th Edition Player’s Handbook,1,zekewest,9
Dungeons and Dragons Onslaught,1,zekewest,4
Dust in the Wings,1,zekewest,6
Dying Message,1,zekewest,5
E.T. The Extra-Terrestrial: Light Years from Home Game,1,zekewest,5
Echoes,1,zekewest,8
Egizia: Shifting SandsEgizia: Shifting Sands,1,zekewest,8
Elden Ring: The Board Game – Stormveil Castle,1,zekewest,4
Elevenses: The Guilty Party,1,zekewest,4
Empires,1,zekewest,7
Empires at Sea,1,zekewest,3
Empyreal Spells and Steam,1,zekewest,10
Endless Destinies: The Clockwork City,1,zekewest,6
Enola Holmes: Finder of Lost Souls,1,zekewest,6
Epic Resort,1,zekewest,6
Esc Welt Breakout Games,1,zekewest,4
Escape from Iron Gate,1,zekewest,8
Escape from New York,1,zekewest,7
Escape from Projekt Riese,1,zekewest,6
Escape Room in a Box: Flashback,1,zekewest,8
Ettin,1,zekewest,8
Euphoria,1,zekewest,8
Europa Base Alpha,1,zekewest,3
Everstone: Discovering Ignis,1,zekewest,7
Evil High Priest,1,zekewest,8
EXCEED: Street Fighter,1,zekewest,8
Exodus Fleet,1,zekewest,6
Express Route,1,zekewest,5
Faeries and Magical Creatures,1,zekewest,8
Fairy Lights,1,zekewest,4
Famous: Stage I,1,zekewest,6
Fantasy Defense,1,zekewest,6
Fantasy Realms: Greek Legends,1,zekewest,9
Far Cry: Escape from Rook Islands,1,zekewest,2
Far Space Foundry,1,zekewest,4
Farm Rescue,1,zekewest,7
Farmageddon,1,zekewest,5
Fast and Furious Highway Heist,1,zekewest,8
Fate Flip: Washed Ashore,1,zekewest,7
Favelas,1,zekewest,6
Feed the Shoggoth!,1,zekewest,7
Fidelitas,1,zekewest,7
Fight 5,1,zekewest,6
Fillit,1,zekewest,8
Final Touch,1,zekewest,8
Fire in the Hole,1,zekewest,8
Firefly: Misbehavin’,1,zekewest,6
Fishing Party,1,zekewest,6
Flapjack Flipout,1,zekewest,7
Flex NBA,1,zekewest,6
Flickfleet,1,zekewest,9
Floriferous: Pocket Edition,1,zekewest,8
Flower Fields,1,zekewest,6
Fluttering Souls,1,zekewest,5
Folded Wishes,1,zekewest,5
Food Truck Champion,1,zekewest,5
Food Truck Entrepreneur,1,zekewest,3
Football Highlights 2052,1,zekewest,5
Footprints,1,zekewest,7
For Northwood,1,kaizendomingo_70_61,7
Forged in Steel,1,zekewest,7
Fountains,1,zekewest,8
FourCuatro,1,zekewest,4
Fozzy Football,1,zekewest,7
Friday the 13th: Horror at Camp Crystal Lake,1,zekewest,7
Fruit Picking,1,zekewest,7
FUBA,1,zekewest,7
Funkoverse: Squid Game 100 and 101,1,zekewest,9
Fury of Dracula,1,miaquattro,7
G.I. JOE: Battle for the Arctic Circle,1,zekewest,6
G.I. Joe: Mission Critical,1,zekewest,10
Galactic Duel,1,zekewest,6
Galactic Strike Force,1,zekewest,7
Galilean Moons,1,zekewest,7
Garbage Day,1,zekewest,6
Gasha,1,zekewest,6
Gears of War,1,zekewest,7
Gearworks,1,zekewest,7
Gen7,1,zekewest,4
Get on Board: New York & London/Paris & Roma.,1,waynekin,7
Ghosts Love Candy Too,1,zekewest,7
Ghoul Island – Act I: Voyage to Farzeen,1,zekewest,9
Gnomi,1,zekewest,4
Godfather: A New Don,1,zekewest,7
Godsforge,1,zekewest,4
Going Concern,1,zekewest,5
Golem Solo,1,zekewest,9
GoTown,1,zekewest,4
GoVenture,1,zekewest,3
Grackles,1,zekewest,8
Grand Prix,1,zekewest,8
Great Scott!,1,zekewest,8
Greece Lightning,1,zekewest,5
Green Deal,1,zekewest,6
Gudnak,1,zekewest,8
Guild Academies of Valeria,1,zekewest,5
Guildmaster’s Guide to Ravnica,1,zekewest,8
Guilty: Houston 2015,1,zekewest,8
Guilty: Monaco 1955,1,zekewest,8
Gunrunners,1,zekewest,7
Gut Check,1,zekewest,6
H.I.D.E.: Hidden Identity Dice Espionage,1,zekewest,6
Hamsterrolle,1,zekewest,7
Happy Home,1,zekewest,6
Happy Party,1,zekewest,6
Harrow County,1,zekewest,8
Harry Potter: House Cup Competition,1,zekewest,4
Harvest + Fall Festival Expansion,1,zekewest,8
Head Hackers,1,zekewest,4
Head of Mousehold,1,zekewest,5
Head Trip,1,zekewest,7
Heaven and Ale,1,zekewest,7
Hedgehog Hop,1,zekewest,7
Hegemonic,1,zekewest,7
Heir to the Pharoah,1,zekewest,7
Hello Kitty: Day at the Park,1,zekewest,6
Hengist,1,zekewest,3
Herbaceous: Pocket Edition,1,zekewest,8
Herbalism,1,zekewest,9
Hero’s Crossing,1,zekewest,8
Heroes Welcome,1,zekewest,8
Hex Roller,1,zekewest,8
Hexes of Sygon,1,zekewest,6
Hippo,1,zekewest,5
Hispania,1,zekewest,8
Holding On: The Troubled Life of Billy Kerr,1,zekewest,6
Holly Jolly,1,zekewest,6
Horizon Wars: Zero Dark,1,zekewest,9
Horizon Zero Dawn: The Board Game,1,zekewest,8
Horrified: Dungeons and Dragons,1,zekewest,8
Horus Heresy: Age of Darkness,1,zekewest,9
Hoyuk,1,zekewest,7
Humble Tea Party,1,zekewest,5
Hundred Days 20,1,zekewest,8
"I Say, Holmes!",1,zekewest,5
Ice Cool,1,zekewest,9
Ice Hoppers,1,zekewest,6
Imagineers,1,zekewest,8
Immersive Battle Maps,1,zekewest,9
Impact: Battle of the Elements,1,zekewest,7
In a Flash Firefighters,1,zekewest,7
Incantris,1,zekewest,4
Incorporated,1,zekewest,5
Incredibrawl,1,zekewest,6
Indiana Jones Cryptic,1,zekewest,7
Indiana Jones: Sands of Adventure,1,zekewest,6
Infiltration,1,zekewest,7
Infinity Essentials,1,zekewest,7
Ink Monsters,1,zekewest,5
Invasion of the Brood,1,zekewest,8
Islands in the Mist,1,zekewest,4
Isle Of Cats,1,zacheturner_50_1,8
Isle of Monsters,1,zekewest,4
It’s a Small World,1,zekewest,6
Ivion,1,zekewest,9
Ixi Kix,1,zekewest,4
Jabuka,1,zekewest,4
Japanime Tactics: Granblue Fantasy,1,zekewest,7
Jewel Thief,1,zekewest,5
Jinja,1,zekewest,5
Judge Dredd: The Cursed Earth,1,zekewest,5
Jumanji Fluxx,1,zekewest,7
Jungle Ascent,1,zekewest,8
Jungle Cruise Adventure Game,1,zekewest,8
Junior Detective,1,zekewest,6
Jurassic Parts,1,zekewest,7
Jurassic World: The Legacy of Isla Nublar,1,zekewest,4
Kamikaze Chess,1,zekewest,4
Kartel,1,zekewest,3
Karuba: The Card Game,1,zekewest,6
Katmai: The Bears of Brooks River,1,zekewest,6
Keepers of the Questar,1,zekewest,6
Kill Doctor Lucky: Deluxe 19.5th Anniversary Edition,1,zekewest,8
Kilter,1,zekewest,7
King Chocolate,1,zekewest,7
King Frog,1,zekewest,6
King Me,1,zekewest,8
Kings of Artifice,1,zekewest,7
Kingsport Festival: The Card Game,1,zekewest,5
Knot Dice,1,zekewest,8
Knuckling Knights,1,zekewest,6
Koi,1,zekewest,7
Konja,1,zekewest,6
Kronologic: Cuzco 1450,1,zekewest,8
Kung Fu Panda: The Board Game,1,zekewest,8
Kyoto No Neko,1,zekewest,8
Lanterns.,1,waynekin,6
Last Defense,1,zekewest,7
Layers,1,zekewest,5
Legacies,1,zekewest,6
Legendary Showdown,1,zekewest,7
Legends Untold: The Great Sewers Novice Set,1,zekewest,6
Life in Reterra,1,zekewest,7
Lindisfarne,1,zekewest,7
Line of Fire: Burnt Moon,1,zekewest,7
Little Book of Battle Mats,1,zekewest,4
Long Cow,1,zekewest,7
Longboard,1,zekewest,5
Loose Caboose,1,zekewest,7
Lorcana,1,zekewest,8
Lord of the Rings Adventure to Mount Doom,1,zekewest,8
Lord of the Rings: The One Ring RPG,1,zekewest,9
Lords and Ladies,1,zekewest,6
Lost Woods,1,zekewest,7
Lucidity: Six Sided Nightmares,1,zekewest,8
Lucky Dogs,1,zekewest,6
Lucky Jack,1,zekewest,4
Lunar Skyline,1,zekewest,5
Machina Arcana,1,zekewest,9
Machinate,1,zekewest,4
Macroscope,1,zekewest,6
Manhattan Project: War Machine,1,zekewest,6
Marbleous,1,zekewest,6
Mars Open,1,zekewest,7
Marvel Battleworld,1,zekewest,5
Marvel Contest of Champions: Battlerealm,1,zekewest,3
Marvel Dice Masters,1,zekewest,8
Marvel Dice Throne X-Men,1,zekewest,9
Marvel: Age of Heroes,1,zekewest,7
Marvel: Damage Control,1,zekewest,3
Mass Effect: The Board Game – Priority: Hagalaz,1,zekewest,4
Master of Orion: Conquest,1,zekewest,4
Master of Wills,1,zekewest,5
Masters of the Universe: Battleground,1,zekewest,8
Masters of the Universe: Clash for Eternia,1,zekewest,9
Mean Girls: The Party Game,1,zekewest,8
Meeple Towers,1,zekewest,7
Mega Man Adventures,1,zekewest,8
Mercado,1,zekewest,7
Meteor,1,zekewest,7
Metro 2033: Breakthrough,1,zekewest,7
Metrorunner,1,zekewest,6
Mew-Tants RPG,1,zekewest,8
Miaui,1,zekewest,8
Microfilms,1,zekewest,5
Middara,1,zekewest,9
Millennia: Tracks of Time,1,zekewest,8
Miller Zoo,1,zekewest,7
Million Dollar Script,1,zekewest,6
Mind MGMT,1,zekewest,8
Mini Dinosaur,1,zekewest,3
Mini DiverCity,1,zekewest,8
Mini-Mysteries: The Medieval Mishap,1,zekewest,8
Missile Command,1,zekewest,5
Mission Control: Critical Orbit,1,zekewest,7
Mistborn: House War,1,zekewest,6
Mojo,1,zekewest,7
Moku Tower,1,zekewest,4
Moments,1,zekewest,5
Monster Chef,1,zekewest,7
Monster Pit,1,zekewest,7
Moonflight,1,zekewest,5
Morocco,1,zekewest,7
Mound Builders,1,zekewest,9
Mow Money,1,zekewest,7
Museum Heist,1,zekewest,7
Mutants Solo,1,zekewest,6
Muttin Bustin,1,zekewest,6
My City: Roll and Build,1,zekewest,6
My First Stone Age: The Card Game,1,zekewest,7
Narabi,1,zekewest,7
Narwhal Free For All,1,zekewest,6
Necromolds: Monster Battles,1,zekewest,8
Necronomicards,1,zekewest,3
Neon Reign,1,zekewest,8
Nerdy Inventions,1,zekewest,5
Neuroshima Hex 3.0,1,zekewest,10
Nevada City,1,zekewest,4
Nights of Fire: Battle for Budapest,1,zekewest,5
Ninjitsu,1,zekewest,7
Nuked,1,zekewest,5
Nut So Fast,1,zekewest,8
Oak and Iron,1,zekewest,8
Oboro Ninja Star Trick,1,zekewest,7
oddball Aeronauts,1,zekewest,7
"Oh No, We Crashed!",1,zekewest,6
Okey Dokey,1,zekewest,8
Omen: Fires in the East,1,zekewest,7
Operation F.A.U.S.T.,1,zekewest,7
Orcs Must Die: The Board Game,1,zekewest,8
Orphan Black: The Card Game,1,zekewest,6
Outpost: Amazon,1,zekewest,4
Outpost: Siberia,1,zekewest,3
Overboss,1,zekewest,8
Overboss: Duel,1,zekewest,6
Overdrive,1,zekewest,6
Pacific Go,1,zekewest,6
Pact,1,zekewest,6
Palette Swap,1,zekewest,7
Palm Laboratory,1,zekewest,8
Pancake Monster,1,zekewest,6
Pandemic: Fall of Rome,1,zekewest,9
Pandemic: Legacy,1,zekewest,10
Papayoo,1,zekewest,8
Paper App Dungeon,1,zekewest,4
Papillon,1,zekewest,8
Paramedics: Clear!,1,zekewest,8
Parks Memories,1,zekewest,5
Pasaraya,1,zekewest,7
Pathfinder Adventure Card Game,1,zekewest,7
Pathfinder Second Edition Player and GM Core,1,zekewest,9
Pathfinder: Level 20,1,zekewest,6
Peninsula,1,zekewest,7
Perfect Mismatch,1,zekewest,7
Periorbis,1,zekewest,8
Pew Pew!,1,zekewest,6
Pharaoh’s Gulo Gulo,1,zekewest,8
Piece of Pie,1,zekewest,7
Pig Puzzle,1,zekewest,6
Pigasus,1,zekewest,8
Pikoko,1,zekewest,4
Pirate Lords,1,zekewest,4
Pitch Out,1,zekewest,7
Pittsburg 68,1,zekewest,5
Pizza Party Throwdown,1,zekewest,5
Planet Apocalypse Sourcebook for 5e,1,zekewest,9
Planet of the Apes,1,zekewest,4
Plantopia: The Card Game,1,zekewest,7
Plutocracy,1,zekewest,7
Pocket Madness,1,zekewest,7
Poetry Slam,1,zekewest,8
Political Animals,1,zekewest,5
Pop The Box,1,zekewest,6
Posthuman Saga,1,zekewest,8
Power 1,1,zekewest,3
Power Grid: Energized Version,1,auriliamoniz_51_100,6
President Bigly,1,zekewest,2
Printing Press,1,zekewest,7
Processing: A Game of Serving Humanity,1,zekewest,7
Prowler’s Passage,1,zekewest,9
Psycho Raiders,1,zekewest,7
Pucket,1,zekewest,6
Purrrlock Holmes: Furriarty’s Trail,1,zekewest,6
Q.E.,1,zekewest,7
Quartermaster General: South Front,1,zekewest,7
Quixx,1,zekewest,6
Quoridor Pac-Man,1,zekewest,6
Qwixx: The Card Game,1,zekewest,4
Racing Hedgehogs,1,zekewest,8
Raid & Trade,1,zekewest,6
Railroad Ink,1,zekewest,8
Railroad Ink Challenge,1,zekewest,10
Railroad Ink: Deep Blue,1,zekewest,9
Rainforest City,1,zekewest,7
Rampage (Terror in Meeple City),1,zekewest,10
"Ready, Set, Bet",1,zekewest,4
Reality Shift: Deluxe,1,zekewest,7
Red Sonja: Hyrkania’s Legacy,1,zekewest,3
Remnants,1,zekewest,7
Res Publica: 2230AD,1,zekewest,4
Restaurant Rivals,1,zekewest,8
Revolution of 1828,1,zekewest,5
Rhein: River Trade,1,zekewest,4
Rise of Cthulhu,1,zekewest,8
Risky Adventure,1,zekewest,7
Road Kill Rally,1,zekewest,6
Roadkill,1,zekewest,6
Roads and Boats 20th Anniversary,1,zekewest,9
Roar: King of the Pride,1,zekewest,7
Robinson Crusoe 2nd Edition,1,zekewest,8
Robo Rally Transformers Edition,1,zekewest,7
Robotech: Reconstruction,1,zekewest,8
Roll Camera!,1,zekewest,5
Rolled West,1,zekewest,7
Rollet,1,zekewest,7
Rome and Roll,1,zekewest,7
RONE: Races of New Earth,1,zekewest,7
Rorschach,1,zekewest,3
Royal Bastards,1,zekewest,4
Run! Run! Run!,1,zekewest,6
Runemasters,1,zekewest,6
Sabbat: The Black Hand – A Vampire the Masquerade,1,zekewest,9
Salem,1,zekewest,6
Samara,1,zekewest,8
Samurai Gardener,1,zekewest,7
Sand Art,1,zekewest,6
Sandbag,1,zekewest,9
Sandy Petersen’s Cthulhu Mythos for 5e,1,zekewest,10
Sarah’s Vision,1,zekewest,5
Sauria,1,zekewest,7
Sausage Sizzle,1,zekewest,8
Schrodinger’s Cats,1,zekewest,8
Scope U-Boot,1,zekewest,8
Scripts & Scribes: The Dice Game,1,zekewest,6
Sea King Adventures,1,zekewest,4
Sea of Thieves: Voyage of Legends,1,zekewest,7
Sea Salt and Paper,1,zekewest,8
Second Inquisition – Vampire the Masquerade,1,zekewest,10
Sellswords,1,zekewest,8
Settlers of America – Trails to Rails,1,zekewest,7
Settlers of Catan,1,johnnysmith,10
Shadow Rivals,1,zekewest,5
Shadowed Kingdom,1,zekewest,5
Shadowgate: The Living Castle,1,zekewest,6
Shahrazad,1,zekewest,6
Shapers of Gaia,1,zekewest,3
Shifting Realms,1,zekewest,6
Shovel Knight: Dungeon Duels,1,zekewest,7
Show and Tile,1,zekewest,6
SideQuest Nemesis,1,zekewest,10
SideQuest: 7th Sea,1,zekewest,4
Sidereal Confluence: Trading and Negotiation in the Elysian Quadrant,1,miaquattro,7
Silicon Valley,1,zekewest,9
SiliconVania,1,zekewest,8
SILOS,1,zekewest,8
Silver and Gold,1,zekewest,6
Sinoda,1,zekewest,8
Sixpence Bakery,1,zekewest,5
Skull Canyon Ski Fest,1,zekewest,7
Skyline,1,zekewest,6
Skyrockets: Festivals of Fire,1,zekewest,8
Slambo!,1,zekewest,4
Slaughterball,1,zekewest,9
Sleeping Queens 2: The Rescue,1,zekewest,5
Smurfs Hidden Village,1,zekewest,8
Snatch the Pebble,1,zekewest,4
Snowfall Over Mountains,1,zekewest,8
Sobek 2 Player,1,zekewest,7
Son of Esker,1,zekewest,5
Space Invaders: Dice,1,zekewest,2
Space Marine – The Board Game,1,zekewest,6
Space Marine Adventures: Doomsday Countdown,1,zekewest,7
Space Marine Adventures: Rise of the Orks,1,zekewest,6
Space Marine Adventures: Tyranid Attack!,1,zekewest,6
Spy x Family: Mission for Peanuts,1,zekewest,6
Spynet,1,zekewest,9
Squadro,1,zekewest,6
Squirrel or Die,1,zekewest,4
St. Patrick,1,zekewest,6
Star Realms: Rise of Empire,1,zekewest,6
Star Trek Super-Skill Pinball,1,zekewest,9
Star Trek: Chrono-Trek,1,zekewest,7
Star Trek: Conflick in the Neutral Zone,1,zekewest,4
Star Trek: Discovery – Black Alert,1,zekewest,6
Star Trek: Into the Unknown,1,zekewest,9
Star Wars Rivals,1,zekewest,6
Star Wars Unlimited: Shadows of the Galaxy,1,zekewest,8
Starfinder Beginner Box,1,zekewest,9
Starfinder: Pirates of Skydock,1,zekewest,5
Steamwatchers,1,zekewest,7
Steel Arena: Friday Night Robot Fight,1,zekewest,7
Stellium,1,zekewest,4
Stick to Colours,1,zekewest,5
Stranger Things Dungeons & Dragons Starter Set,1,zekewest,6
Strawberry Shortcake: Berry Besties Bake Off,1,zekewest,7
Street Fighter V: Champion Edition Legends,1,zekewest,8
Streets of Steel,1,zekewest,7
Stronghold: Undead Second Edition,1,zekewest,7
Sunflower Valley,1,zekewest,8
Sunny Day Sardines,1,zekewest,6
Sunrise at the Studio,1,zekewest,7
Sunset Over Water Pocket Edition,1,zekewest,7
Super Boss Monster,1,zekewest,8
Super Hack Override,1,zekewest,2
Super Kawaii Pets,1,zekewest,6
Super Mario: Level Up!,1,zekewest,7
Super Snipers,1,zekewest,8
Super Squad High,1,zekewest,4
Super-Skill Pinball Holiday Special,1,zekewest,7
Sushi Go! 10th Anniversary,1,zekewest,7
Sushi Go!: Spin Some for Dim Sum,1,zekewest,4
Switchbacks,1,zekewest,6
Symphony No. 9,1,zekewest,6
T.I.M.E,1,miaquattro,7
Taiwan Night Market,1,kaizendomingo_70_61,7
Tales from the Red Dragon Inn,1,zekewest,8
Tales of Eventyr,1,zekewest,7
Tales of Evil,1,zekewest,5
Talisman: 5th Edition,1,zekewest,9
Talisman: Batman – Super Villain Edition,1,zekewest,5
Tambuzi,1,zekewest,4
Tammany,1,zekewest,5
Tanares Adventures,1,zekewest,9
Tangram City,1,zekewest,6
Tanks: Panthers vs. Sherman,1,zekewest,6
Tanto Cuore: Memento Mori – Twilight Manor,1,zekewest,6
Tasso Banana,1,zekewest,7
Tavern Masters,1,zekewest,3
Taverns and Dragons,1,zekewest,8
Team Up!,1,zekewest,6
Team3,1,zekewest,9
Tear-able Quest,1,zekewest,5
Techlandia,1,zekewest,5
Techno Bowl,1,zekewest,8
TEDOKU,1,zekewest,8
Teenage Mutant Ninja Turtles: Change is Constant,1,zekewest,9
Teeter Tower,1,zekewest,6
Terrible Monster,1,zekewest,8
That Old Wallpaper,1,zekewest,6
The Amberden Affair,1,zekewest,3
The Battle in Balin’s Tomb,1,zekewest,7
The Binding of Isaac: Four Souls Requiem,1,zekewest,6
The Book of Rituals,1,zekewest,7
The Butterfly Garden,1,zekewest,7
The Captain Is Dead: Dangerous Planet,1,zekewest,6
The Cat Mitt Game,1,zekewest,7
The Cohort,1,zekewest,7
The Coldest Night,1,zekewest,3
The Dark Quarter,1,zekewest,5
The Dead Eye,1,zekewest,8
The Exiled: Siege,1,zekewest,7
The Expanse,1,zekewest,7
The Gardens,1,zekewest,6
The Golden Sails,1,zekewest,9
The Goonies Adventure Card Game,1,zekewest,5
The Haunted Mansion – Call of the Spirits,1,zekewest,8
The Key: Escape from Strongwall Prison,1,zekewest,6
The King’s Armory,1,zekewest,8
The Lady and the Tiger,1,zekewest,8
The Last Bottle of Rum,1,zekewest,5
The Last of Us: Escape the Dark,1,zekewest,7
The Legends of Andor,1,zekewest,6
The Liberation of Rietburg,1,zekewest,7
The Lord of the Rings: The Fellowship of the Ring - Trick-Taking Game,1,kaizendomingo_20_11,9
The Ming Voyages,1,zekewest,6
The Night Hunter,1,zekewest,9
The Path of Adventurers,1,zekewest,5
The Peak Team,1,zekewest,8
The Perfect Wave,1,zekewest,7
The Pirate Republic: African Gambit,1,zekewest,8
The Potion,1,zekewest,6
The Ruhr: A Story of Coal,1,zekewest,8
The Search for UAPs,1,zekewest,9
The Silver River,1,zekewest,5
The Table is Lava,1,zekewest,6
The Texas Chainsaw Massacre Board Game,1,zekewest,9
The Voyage of Argo,1,zekewest,4
The Walking Dead: The Dice Game,1,zekewest,4
Theomachy,1,zekewest,5
They Who Were 8,1,zekewest,5
Thief of Baghdad (Bagdad),1,johnnysmith,9
This Game Goes to Eleven,1,zekewest,4
This War of Mine,1,zekewest,6
Those Pesky Humans,1,zekewest,6
Thrones of Valeria,1,zekewest,8
Ticket to Ride: Europe - 15 Years,1,auriliamoniz_51_100,7
Time Barons,1,zekewest,7
Time Breaker,1,zekewest,5
Time Division,1,zekewest,5
TIME Stories,1,zekewest,9
Time’s Up!,1,miaquattro,6
Tiny Ninjas,1,zekewest,8
Tiny Tina’s Robot Tea Party,1,zekewest,4
Titan Race,1,zekewest,6
Titans Tactics,1,zekewest,6
Tokaido 10th Anniversary Edition,1,zekewest,6
Tokyo Coin Laundry,1,zekewest,5
Tokyo Game Show,1,zekewest,3
Tokyo Jidohanbaiki,1,zekewest,7
Tokyo Jutaku,1,zekewest,8
Tokyo Washi Game Cops,1,zekewest,7
TopSpin,1,zekewest,2
Tower of Madness,1,zekewest,7
TowerBrix,1,zekewest,8
Towers of Äm’härb,1,zekewest,5
Trail Story: America,1,zekewest,6
Train & Railway,1,zekewest,7
Train Heist,1,zekewest,5
Traveller Customizable Card Game,1,zekewest,7
Trickster: Champions of Time,1,zekewest,7
TRND,1,zekewest,6
Truck Off,1,zekewest,5
Tusk! Surviving the Ice Age,1,zekewest,6
Twenty One,1,zekewest,6
Two Base Stations,1,zekewest,6
Tzolk’in.,1,waynekin,8
UBOOT,1,zekewest,6
Ultimate Treehouse,1,zekewest,5
Umami,1,zekewest,8
Unlock!,1,zekewest,8
Unmatched,1,zacheturner_50_1,9
Unmatched: Battle of Legends,1,zekewest,8
Unrest,1,zekewest,5
Unsolved Case Files,1,zekewest,7
Upkeep,1,zekewest,5
USPS: The Great American Mail Race,1,zekewest,4
V-Commandos,1,zekewest,8
V-Wars,1,zekewest,7
Valhal,1,zekewest,4
Valley of the Kings: Premium Edition,1,zekewest,9
Vampire the Masquerade: The Book of Nod,1,zekewest,8
Vampire: The Masquerade – Rivals,1,zekewest,8
Vampires vs Unicorns: Floor Wars,1,zekewest,4
Villainous,1,zekewest,8
Villainous: Sugar and Spite,1,zekewest,8
Vineyard,1,zekewest,5
Vinyl: Jukebox,1,zekewest,6
Vivid: Memories,1,zekewest,5
Vivo,1,zekewest,7
Warcrow Adventures,1,zekewest,6
Warcry: Catacombs,1,zekewest,8
Warehouse 51,1,zekewest,4
"Warhammer 40,000 Indomitus",1,zekewest,9
"Warhammer 40,000: Fireteam",1,zekewest,8
Warhammer 40k Kill Team – Recruit Edition,1,zekewest,9
Warhammer 40k: Combat Arena – Lair of the Beast,1,zekewest,6
Warhammer 40K: Introductory Set,1,zekewest,9
Warhammer Age of Sigmar: Beginner Set,1,zekewest,7
Warhammer Age of Sigmar: Bladeborn,1,zekewest,9
Warhammer Age of Sigmar: Crypt Hunters,1,zekewest,6
Warhammer Age of Sigmar: Dominion,1,zekewest,9
Warhammer Quest Lost Relics,1,zekewest,5
Warhammer Quest: Cursed City,1,zekewest,9
Wayward,1,zekewest,8
We Need to Talk,1,zekewest,7
Weirdwood Manor,1,zekewest,6
Western Legends Showdown,1,zekewest,5
What Came First?,1,zekewest,7
What Lies Beneath?,1,zekewest,9
What Next?,1,zekewest,9
Who Should We Eat,1,zekewest,3
Wicked: The Game,1,zekewest,7
Wild Kratts Endangered Wildlife,1,zekewest,7
Windup War,1,zekewest,6
Wish You Were Here,1,zekewest,8
Wits and Wagers: It’s Vegas Baby,1,zekewest,8
Wizards Wanted,1,zekewest,5
Wobble King,1,zekewest,4
Wolfwalkers: My Story,1,zekewest,8
Woo-Hoo,1,zekewest,7
World of Tanks Miniatures Game,1,zekewest,8
World War Z: The Game,1,zekewest,3
Wraith and the Giants,1,zekewest,5
WWE Royal Rumble Card Game,1,zekewest,7
WWE Superstar Showdown,1,zekewest,8
Yogi,1,zekewest,6
Yummy World: Party at Picnic Palace,1,zekewest,8
Zombie Princess and the Enchanted Maze,1,zekewest,5
Zombie Tower 3D,1,zekewest,7
Zoo Ball,1,zekewest,5
Zoom in Barcelona,1,zekewest,8
